SKU	Product Area	Feature Alignment	Rule Name	Rule ID	Config Reference	Description	Impact	Current Feature Name	Current Feature ID	Action	Notes
Talent Acquisition Candidate Experience Add-on	Talent Acquisition - PCS	Branding	Recaptcha	pcsx_recaptcha		This rule checks if recaptcha_enabled is set to true. This ensures that only real users can submit applications in PCS.	If not enabled (default is false), it will not be possible to differentiate between human user and bot activity on PCS applications.	Security in PCS	security	Update	
Talent Acquisition Candidate Experience Add-on	Talent Acquisition - PCS	Branding	Privacy Policy	pcsx_privacy		This rule checks if a privacy policy is configured in PCS.	There will be no custom privacy policy shown in PCS.	Security in PCS	security	Update	
Talent Acquisition Candidate Experience Add-on	Talent Acquisition - PCS	Branding	Company Logo Configured	pcs_logo_configured_cs	Go to integrations/branding_config and: 1. Upload company logo 2. Verify logo URL is valid 3. Ensure logo displays correctly on career site	Ensures that company logo is uploaded and configured. Logo URL must be a valid URL format and not empty or placeholder.	Career site will display without company logo, impacting brand recognition.			New/Add	
Talent Acquisition Candidate Experience Add-on	Talent Acquisition - PCS	Branding	White labeled domain	domain_whitelabeling_alias_exists		This rule checks if customer domain is white labeled.		Basic PCS	smart_apply	Update	
Talent Acquisition Candidate Experience Add-on	Talent Acquisition - PCS	Branding	Brand Colors Configured	pcs_colors_configured_cs	Go to integrations/branding_config and configure: 1. Primary color (valid hex format: #RRGGBB) 2. Secondary color 3. Preview changes on career site	Ensures that brand colors are configured with valid hex color codes (e.g., #146da6). Empty or invalid color codes will cause styling issues.	Career site will use default colors instead of brand colors.			New/Add	
Talent Acquisition Candidate Experience Add-on	Talent Acquisition - PCS	Branding	PCS Mobile Responsive Configuration	pcs_mobil_config_cj	Go to integrations/career_hub_base_config > product_configs > employee and verify mobile configurations	Ensures that mobile-specific configurations like hero images, banners, and layouts are correctly defined using device_configuration settings and display properly on mobile devices.	Mobile users may see blank spaces instead of images, broken layouts, or desktop-sized content that doesn't fit mobile screens.			New/Add	
Talent Acquisition Candidate Experience Add-on	Talent Acquisition - PCS	Branding	Valid company name	pcsx_valid_company_name		Ensures a valid company name is configured, maintaining professional branding on the PCS.	Proper branding builds trust and credibility among candidates.	Basic PCS	smart_apply	Update	
Talent Acquisition Candidate Experience Add-on	Talent Acquisition - PCS	Branding	Navbar logo	pcsx_navbar_logo		Confirms a company logo is uploaded to the navigation bar, reinforcing the brand identity across PCS.	A consistent logo improves the professional appearance of PCS and fosters user trust.	Basic PCS	smart_apply	Update	
Talent Acquisition Candidate Experience Add-on	Talent Acquisition - PCS	Branding	Favicons	pcsx_favicons		This rule checks if favicons are configured.	The site will not have a favicon.	Basic PCS	smart_apply	Update	
Talent Acquisition Candidate Experience Add-on	Talent Acquisition - PCS	Branding	Company logo	pcsx_company_logo		This rule ensures a company logo URL is configured in PCSX branding and used as the default social/share image to maintain consistent employer branding across the careers site.	Missing or generic imagery in link previews and pages reduces brand trust and click-through.	Basic PCS	smart_apply	Update	
Talent Acquisition Candidate Experience Add-on	Talent Acquisition - PCS	Application Workflows	PCS Base Configuration Enabled	pcsx_base_enabled_cs	PCS base configuration not enabled. Go to integrations/pcsx_base_config and set enabled: true.	Ensures that PCS base configuration is present and enabled. This is the foundational config for all career site functionality.	Career site will not be accessible to candidates without base configuration.			New/Add	
Talent Acquisition Candidate Experience Add-on	Talent Acquisition - PCS	Application Workflows	Application Form Configured	apply_form_configured_cs	Application form not configured. Go to integrations/pcsx_base_config > Apply Form and configure: 1. Required application fields 2. Optional fields 3. Field validation rules 4. Application workflow type	Ensures that application form configuration exists, defining which fields candidates must complete and the application workflow.	Candidates cannot apply to positions without form configuration.			New/Add	
Talent Acquisition Candidate Experience Add-on	Talent Acquisition - PCS	Candidate Portal Profile	Careerhub Logged In Candidate Max Resume Size Bytes	careerhub_candidate_max_resume_size_bytes		Ensures the maximum allowed size for resume uploads is configured for logged-in candidates in the Career Hub. This configuration helps prevent errors during job applications and enhances the user experience.	Missing or improperly configured resume size limits can result in upload failures, frustrating users and leading to increased drop-offs in the application process.	Basic PCS	smart_apply	Update	
Talent Acquisition Candidate Experience Add-on	Talent Acquisition - PCS	Candidate Portal Profile	Login and Signup Configuration Valid	login_signup_configured_cs	Login/signup not configured. Go to integrations/login_signup_config and configure: 1. Authentication method 2. Required signup fields 3. Email verification settings 4. Password requirements	Ensures that login and signup configuration is valid, defining how candidates create accounts and authenticate.	Candidates cannot create accounts or log in without proper configuration.			New/Add	
Talent Acquisition Candidate Experience Add-on	Talent Acquisition - PCS	Candidate Portal Profile	Profile Fields Configured	profile_fields_configured_cs	Profile fields not configured. Go to integrations/candidate_profile_config and define profile fields: 1. Basic info 2. Experience fields 3. Education fields 4. Skills and certifications 5. Mark fields as required or optional	Ensures that profile fields are defined, specifying what information candidates can display in their profiles.	Candidates will be unable to maintain a living profile with their latest skills, experience, education, etc., thereby impacting the quality of matching job recommendations.			New/Add	
Talent Acquisition Candidate Experience Add-on	Talent Acquisition - PCS	Candidate Portal Profile	Candidate Profile Configuration Enabled	candidate_profile_enabled_cs	Candidate profile not enabled. Go to integrations/candidate_profile_config and set enabled: true.	Ensures that candidate profile configuration is enabled, allowing candidates to create and manage their profiles.	Candidates cannot create profiles or save information for future applications.			New/Add	
Talent Acquisition Candidate Experience Add-on	Talent Acquisition - PCS	Candidate Portal Profile	Candidate login enabled	candidate_login_enabled		This rule ensures that login functionality is enabled for candidates on the Personalised Career Site, allowing them to securely access their profiles, job matches, and applications. This feature provides candidates logged-in experience, providing personalization and enhanced engagement.	If this feature is not enabled (default is false), candidates will not have access to a logged-in experience, leading to a less personalized experience, potentially decreasing engagement and satisfaction.	Logged in PCS (with COP and Job Notifications)	logged_in_pcs	Update	
Talent Acquisition Candidate Experience Add-on	Talent Acquisition - PCS	Career Site Dashboard	Career Site dashboard should be provisioned	pcs_dashboards		Ensures the Career Site Dashboard is provisioned to provide insights into job views, applications, and overall site performance.	Missing dashboards reduce visibility into key metrics, limiting optimization opportunities.	Basic PCS	smart_apply	Update	
Talent Acquisition Candidate Experience Add-on	Talent Acquisition - PCS	Copilot Candidate	Candidate Copilot Configuration Enabled	chatbot_config_enabled_cs	Candidate copilot not enabled. Go to integrations/chatbotx_config and set enabled: true for candidate copilot.	Ensures that candidate-facing copilot (chatbot) is configured and enabled, providing AI assistance to candidates.	Candidate copilot features will not be available on career site.			New/Add	
Talent Acquisition Candidate Experience Add-on	Talent Acquisition - PCS	Domain White-labeling	Custom Domain Configuration Valid	custom_domain_configured_cs	Custom domain not configured. Go to integrations/domain_whitelabeling_config and configure: 1. Custom domain name 2. Verify DNS CNAME record 3. Ensure SSL certificate is valid 4. Test domain accessibility	Ensures that custom domain is configured with valid domain name format. DNS settings should be verified for proper routing.	Career site will use default Eightfold domain instead of company's branded domain.			New/Add	
Talent Acquisition Candidate Experience Add-on	Talent Acquisition - PCS	Domain White-labeling	SSL Certificate Valid	ssl_certificate_valid_cs	SSL certificate issue detected. Go to integrations/domain_whitelabeling_config and verify: 1. SSL certificate is uploaded 2. Certificate matches domain name 3. Certificate is not expired 4. Certificate chain is complete	Ensures that SSL certificate is present and valid for secure HTTPS access to career site.	Career site will show security warnings or be inaccessible via HTTPS.			New/Add	
Talent Acquisition Candidate Experience Add-on	Talent Acquisition - PCS	Job Alerts	Job Alerts Configuration Enabled	job_alerts_enabled_cs	Job alerts not enabled. Go to integrations/notification_config and enable job alerts for candidate product.	Ensures that job alerts are configured and enabled in notification settings, allowing candidates to receive personalized job recommendations.	Candidates will not receive job alert emails.			New/Add	
Talent Acquisition Candidate Experience Add-on	Talent Acquisition - PCS	Job Alerts	Job Alert Frequency Configured	job_alert_frequency_configured_cs	Alert frequency not configured. Go to integrations/candidate_notifications_config and configure frequency options: 1. Daily 2. Weekly 3. Bi-weekly 4. Real-time	Ensures that job alert frequency settings are configured, allowing candidates to choose how often they receive alerts.	Job alerts may send too frequently or not at all without frequency configuration.			New/Add	
Talent Acquisition Candidate Experience Add-on	Talent Acquisition - PCS	Job Distribution & SEO	Job Feed Configuration Enabled	job_feed_enabled_cs	Job feed not enabled. Go to integrations/job_feed_config and set enabled: true.	Ensures that job feed configuration is enabled, allowing generation of XML feeds for job board distribution and SEO.	Jobs will not be distributed to job boards or search engines.			New/Add	
Talent Acquisition Candidate Experience Add-on	Talent Acquisition - PCS	Job Distribution & SEO	SEO Configuration Valid	seo_config_valid_cs	SEO not configured. Go to integrations/pcsx_base_config > SEO and configure: 1. Meta title and description templates 2. Structured data (JSON-LD) 3. Sitemap generation enabled 4. Canonical URLs 5. Open Graph tags	Ensures that SEO configuration is valid, including meta tags, structured data markup, and sitemap settings for search engine optimization.	Career site will have poor search engine visibility and rankings.			New/Add	
Talent Acquisition Candidate Experience Add-on	Talent Acquisition - PCS	Job Distribution & SEO	XML Feeds	pcsx_job_feeds		This rule checks if XML feeds (eg. for Indeed, Linkedin) are enabled. XML feeds improve job visibility by seamlessly connecting the PCS with major job boards like LinkedIn and Indeed, thereby attracting a broader range of candidates.	XML feeds will not be enabled, significantly reducing external job visibility on major job boards like LinkedIn and Indeed, which can lower application volume, increase time-to-fill, and limit access to a diverse candidate pipeline.	XML feeds	xml_feeds	Update	
Talent Acquisition Candidate Experience Add-on	Talent Acquisition - PCS	Job Search and Discovery	At least one PCS position	pcs_position_fq_count_rule		At least one position is displayed in PCS.	No jobs will be shown in PCS.	Basic PCS	smart_apply	Update	
Talent Acquisition Candidate Experience Add-on	Talent Acquisition - PCS	Job Search and Discovery	Search Configuration Enabled	search_config_enabled_cs	Search not configured. Go to integrations/pcsx_base_config > Search and configure search settings: 1. Enable search functionality 2. Configure search filters 3. Set default search behavior 4. Configure sort options	Ensures that search configuration is enabled, allowing candidates to search and filter jobs on career site.	Candidates cannot search for jobs effectively without search configuration.			New/Add	
Talent Acquisition Candidate Experience Add-on	Talent Acquisition - PCS	Job Search and Discovery	Search Filters Configured	search_filters_available_cs	Search filters missing. Go to integrations/pcsx_base_config > Search and configure filters: 1. Location/Geography 2. Department/Function 3. Job Type 4. Remote/Hybrid/Onsite 5. Experience Level	Ensures that job search filters are configured, allowing candidates to refine search results by various criteria.	Candidates can search but cannot filter results, leading to poor user experience.			New/Add	
Talent Acquisition Candidate Experience Add-on	Talent Acquisition - PCS	Job Search and Discovery	PCS enabled	pcsx_enabled		Confirms PCS is enabled to offer a customized application experience to candidates.	An enabled PCS improves engagement, application efficiency, and the overall candidate experience.	Basic PCS	smart_apply	Update	
Talent Acquisition Candidate Experience Add-on	Talent Acquisition - PCS	Join Talent Network	Talent network	talent_network		This rule checks if Talent Network is set up. This allows candidates visiting the career site to fill a form with key details and upload their resume, to be considered as a lead in future hiring pipelines.	If not set up, candidates will not be able to add themselves to the company's talent pool, to be considered as a lead and receive email notifications.	Talent network	talent_network	Update	
Talent Acquisition Candidate Experience Add-on	Talent Acquisition - PCS	Join Talent Network	Talent Network Configuration Enabled	talent_network_enabled_cs	Talent network join not enabled. Go to integrations/smart_apply_config and enable talent network join option.	Ensures that talent network join feature is enabled in smart apply configuration, allowing candidates to join without applying to specific positions.	Candidates cannot join talent network, limiting talent pool growth.			New/Add	
Talent Acquisition Candidate Experience Add-on	Talent Acquisition - PCS	Join Talent Network	Talent Network Form Configured	talent_network_form_configured_cs	Join form not configured. Go to integrations/smart_apply_config and configure talent network form: 1. Required fields 2. Optional fields 3. Consent/privacy checkboxes 4. Form validation rules	Ensures that talent network join form is configured, defining what information candidates provide when joining.	Join form may be incomplete or fail to capture necessary candidate information.			New/Add	
Talent Acquisition Candidate Experience Add-on	Talent Acquisition - PCS	Landing Pages	Landing Pages Configuration Enabled	landing_config_enabled_cs	Landing pages not configured. Go to integrations/landing_config and initialize configuration.	Ensures that landing page configuration is enabled, allowing upload and hosting of custom landing pages.	Custom landing pages cannot be created or accessed.			New/Add	
Talent Acquisition Candidate Experience Add-on	Talent Acquisition - PCS	Landing Pages	Landing Page URLs Valid	landing_pages_valid_cs	Landing page URLs invalid. Go to integrations/landing_config and verify: 1. Each landing page has valid URL path 2. URLs don't conflict with system routes 3. Pages are accessible via configured URLs 4. Redirects are properly configured if needed	Ensures that landing pages have valid URLs configured and are accessible. URLs should follow proper format and routing.	Landing pages will be inaccessible via their intended URLs.			New/Add	
Talent Acquisition Candidate Experience Add-on	Talent Acquisition - PCS	Microsites	Microsite Configurations Valid	microsite_configs_valid_cs	Microsite configuration incomplete. Go to integrations/pcsx_base_config > Microsites and verify each microsite has: 1. Unique identifier 2. Branding settings 3. Domain/subdomain mapping 4. Job filter rules 5. Navigation and footer customization	Ensures that each microsite has complete configuration including branding, domain mapping, and job filters.	Microsites will not display correctly or show wrong job listings.			New/Add	
Talent Acquisition Candidate Experience Add-on	Talent Acquisition - PCS	Microsites	Microsite Profile and Application Isolation	microsite_profile_isolation_cs		Ensures that candidate login sessions, profiles, and applications are isolated between parent career site and microsites. Candidates should have separate accounts and application histories per microsite.	Candidates see applications from other microsites, branding bleeds across sites, and logout redirects to wrong site, creating confusion and poor experience.			New/Add	
Talent Acquisition Candidate Experience Add-on	Talent Acquisition - PCS	People You May Work With	People You May Work With Enabled	pymww_enabled_cs	People You May Work With not enabled. Go to integrations/pcsx_base_config > position_details_config > sections_config and enable pymww_config section.	Ensures that the People You May Work With feature is enabled on job detail pages, showing candidates potential future colleagues in the same team or department.	Candidates will not see potential colleagues on job pages, reducing engagement and transparency.			New/Add	
Talent Acquisition Candidate Experience Add-on	Talent Acquisition - PCS	People You May Work With	PYMWW Criteria Configured	pymww_criteria_configured_cs	Go to integrations/pcsx_base_config > position_details_config > sections_config > pymww_config and add the fq for PYMWW results.	Configures selection criteria for People You May Work With including: 1. Department/team matching 2. Location matching 3. Role level matching 4. Number of employees to display 5. Privacy/opt-in settings	PYMWW section will show irrelevant or no employees without proper criteria configuration.			New/Add	
Talent Acquisition Candidate Experience Add-on	Talent Acquisition - PCS	Pixel Tracking and Analytics	Tracking Scripts Valid	tracking_scripts_valid_cs	Tracking scripts invalid. Go to integrations/tracking_pixel_config and verify: 1. JavaScript syntax is valid 2. Scripts are assigned to correct events 3. Third-party script URLs are accessible 4. Scripts don't conflict with each other 5. Test scripts in browser console	Ensures that tracking scripts have valid JavaScript syntax and are configured to trigger on appropriate events (page load, application, etc.).	Tracking will fail or not trigger, causing data gaps in analytics.			New/Add	
Talent Acquisition Candidate Experience Add-on	Talent Acquisition - PCS	Skills-Based Hiring	PCS and TA Match Score Consistency	pcs_ta_match_score_consistency		Ensures that match scores displayed to candidates on PCS match the scores shown to recruiters in TA for the same candidate-job combination, preventing confusion and maintaining transparency.	Candidates see different match ratings on PCS than recruiters see in TA (e.g., 4.5 stars vs 'good match'), creating mistrust and inconsistent candidate experience.			New/Add	
Talent Acquisition Candidate Experience Add-on	Talent Acquisition - PCS	Smart Apply	Link off Enabled	linkoff_enabled_cs	Linkoff config is not enabled. Go to Integrations > pcsx_base_config > apply_form_config > link_off_apply_config and set enabled to true	Ensures that Linkoff is configured and enabled.	Applications will be routed to smart apply flow.			New/Add	
Talent Acquisition Candidate Experience Add-on	Talent Acquisition - PCS	Smart Apply	Link off redirection Configured	linkoff_redirection_cs	Linkoff config is enabled but redirect url is not added. Go to Integrations > pcsx_base_config > apply_form_config > link_off_apply_config and add apply_redirect_url	Ensures that Linkoff is enabled and configured to route to proper application link.	Applications will be routed to smart apply flow.			New/Add	
Talent Acquisition Candidate Experience Add-on	Talent Acquisition - PCS	Smart Apply	Smart Apply Configuration Enabled	smart_apply_enabled_cs	Smart Apply not enabled. Go to integrations/smart_apply_config and set enabled: true.	Ensures that Smart Apply is configured and enabled with proper ATS integration settings for application sync.	Applications will not sync to ATS, breaking the recruiting workflow.			New/Add	
Talent Acquisition Candidate Experience Add-on	Talent Acquisition - PCS	Smart Apply	Field Mapping Complete	field_mapping_complete_cs	Field mapping incomplete. Go to integrations/smart_apply_config > Field Mapping and map all required fields: 1. Basic candidate info 2. Resume/CV 3. Application responses 4. Source tracking 5. Custom fields 6. Verify mappings with test application	Ensures that field mappings are complete, defining how candidate data maps from Eightfold to ATS fields.	Application data will be incomplete or fail to sync to ATS.			New/Add	
Talent Acquisition Candidate Experience Add-on	Talent Acquisition - PCS	Smart Apply	PCS Max Resume Size Bytes	pcsx_max_resume_size_bytes		This rule ensures the maximum resume upload size for PCS application submissions is configured and enforced. Default is 20 MB (20971520 bytes).	If set higher than your ATS limit, uploads can be accepted by PCS but rejected by the ATS, causing failed applications. If set too low, candidates may be blocked from uploading valid resumes, increasing drop-offs and support burden.	Basic PCS	smart_apply	Update	
Talent Acquisition Candidate Experience Add-on	Talent Acquisition - PCS	Smart Apply	Dedupe position questions	dedup_pos_questions		This rule checks if dedup_pos_questions is set to true in smart_apply_config (Talent Experience > Referrals & Talent Network). This ensures that questions across multiple positions in the job cart are deduplicated when candidates apply for multiple jobs. By reducing redundancy, this feature streamlines the application process, making it more efficient and user-friendly.	If not enabled (default is false), candidates may face duplicate questions when applying to multiple positions, leading to frustration and higher application drop-off rates.	Job cart	job_cart	Update	Please move this to pcsx_base_config
Talent Acquisition Candidate Experience Add-on	Talent Acquisition - PCS	Smart Apply	Upload resume before apply	pcsx_upload_resume_before_apply		This rule checks if smart_apply_config > upload_resume_before_apply is set to true (Talent Experience > Referrals & Talent Network).	If not set to true (default is true), candidates will be able to submit applications without uploading a resume.	Resume upload	upload_resume_before_apply	Update	Please move this to pcsx_base_config
Talent Acquisition Candidate Experience Add-on	Talent Acquisition - PCS	Job Insights	Star threshold	star_threshold		This rule ensures that pcx_base_config > search_config > strong_match_threshold is configured to define the minimum criteria for matching candidates to job roles. This prevents irrelevant or poorly matched candidates from being displayed as potential applicants. (Talent Experience > PCS IX)	Without configuring this threshold, the system may surface irrelevant matches, leading to poor candidate and recruiter experiences.			New/Add	strong_match_threshold
Talent Acquisition Candidate Experience Add-on	Talent Acquisition - PCS	Smart Referrals	Applicant source id validation rule	valid_applicant_source_id		This rule checks if referrer_src_map or/and add_application_sources is/are configured with valid source ids.		Basic PCS	smart_apply	Update	
Talent Acquisition Candidate Experience Add-on	Talent Acquisition - PCS	Smart Referrals	Smart Referrals Configuration Enabled	referrals_enabled_cs	Smart referrals not enabled. Go to integrations/smart_apply_config and enable referrals functionality.	Ensures that smart referral feature is configured and enabled, allowing employees to refer candidates with AI matching.	Employee referral functionality will not be available.			New/Add	
Talent Acquisition Candidate Experience Add-on	Talent Acquisition - PCS	Smart Referrals	Referral Workflow Configured	referral_workflow_configured_cs	Referral workflow not configured. Go to integrations/smart_apply_config > Referrals and configure: 1. Referral submission form 2. Status tracking and notifications 3. Reward/incentive rules 4. Referral approval workflow 5. Dashboard for employees to track referrals	Ensures that referral workflow is configured, defining how referrals are submitted, tracked, and potentially rewarded.	Referral process will be incomplete or confusing for employees.			New/Add	
Talent Acquisition Candidate Experience Add-on	Talent Acquisition - PCS	Source Tracking	Source Parameters Configured	source_parameters_configured_cs	Source parameters not configured. Go to integrations/source_map_config and configure: 1. UTM parameter mapping 2. Referral source codes 3. Default source assignment 4. Source taxonomy/hierarchy 5. Source persistence settings	Ensures that source tracking parameters are configured, defining how different sources are identified and tracked (UTM params, referral codes, etc.).	Sources will not be captured correctly, leading to inaccurate attribution.			New/Add	
Talent Acquisition Candidate Experience Add-on	Talent Acquisition - PCS	Source Tracking	Source Tracking Configuration Enabled	source_tracking_enabled_cs	Source tracking not enabled. Go to integrations/pcsx_base_config > Source Tracking and set enabled: true.	Ensures that source tracking is configured and enabled, capturing where candidates come from before applying.	Cannot track recruitment marketing effectiveness or candidate sources.			New/Add	
Talent Acquisition Candidate Experience Add-on	Talent Acquisition - PCS	Source Tracking	Source ATS Sync Configured	source_ats_sync_configured_cs	Source sync not configured. Go to integrations/smart_apply_config > Source Mapping and configure source field mapping to ATS source field.	Ensures that source tracking data is mapped to sync with applications to the ATS, maintaining source attribution.	Source tracking data will be lost when applications sync to ATS.			New/Add	
Talent Acquisition Candidate Experience Add-on	Talent Acquisition - PCS	Withdraw Application	Withdraw Application Enabled	withdraw_enabled_cs	Withdraw functionality not enabled. Go to integrations/pcsx_base_config > Applications and enable withdraw application option.	Ensures that withdraw application feature is enabled, allowing candidates to withdraw their applications.	Candidates cannot withdraw applications, leading to poor candidate experience.			New/Add	
Talent Acquisition Candidate Experience Add-on	Talent Acquisition - PCS	Withdraw Application	Withdraw Workflow Valid	withdraw_workflow_valid_cs	Withdraw workflow not configured. Go to integrations/pcsx_base_config > Applications > Withdraw and configure: 1. Confirmation dialog 2. Sync to ATS when withdrawn 3. Candidate notification/confirmation email 4. Withdrawal reason collection 5. Grace period for un-withdrawing	Ensures that withdraw workflow is properly configured, including confirmation dialog, ATS sync, and candidate notification.	Withdrawals may not sync to ATS or candidates may withdraw accidentally without confirmation.			New/Add	
Talent Acquisition Core	Talent Acquisition - Core	Candidate Engagement with Email	Email Configuration Enabled	email_config_enabled_cs	email_config is missing or null. Go to integrations/email_config and verify the configuration exists and is saved.	Ensures 'reply_to_domain' and 'send_from_domain' are complete and valid.				New/Add	Instead of checking if the email_config has object or not, we should check for 'reply_to_domain' and 'send_from_domain'
Talent Acquisition Core	Talent Acquisition - Core	Candidate Engagement with Email	The user has permission to send messages but does not have a communication email set	recruiter_missing_communication_email		This function ensures that all users with the PERM_SEND_MESSAGES role permission are properly configured to send communications. It validates that each user has a designated communication email, verifies that the address is authorized for use, and flags any users who lack the appropriate configuration.		TA Operations	ta_operations	Update	
Talent Acquisition Core	Talent Acquisition - Core	Candidate Engagement with SMS	SMS Integration Configured	sms_integration_enabled_cs	SMS integration not configured. Go to integrations/email_config and verify: 1. SMS provider is selected (e.g., Twilio) 2. Provider credentials (API key, auth token) are configured 3. From phone number is set and verified 4. SMS feature is enabled	Ensures that SMS integration is enabled with valid provider configuration (Twilio, etc.). SMS provider credentials and phone number must be configured.	SMS messages cannot be sent without provider configuration.			New/Add	
Talent Acquisition Core	Talent Acquisition - Core	Candidate Engagement with SMS	Communication channels	communication_channels		Verifies that communication channels (sms, whatsapp) are configured for interview scheduling to ensure smooth communication between interviewers and candidates.	Missing configurations for communication channels can disrupt scheduling, reducing interview efficiency.	Scheduling	smart_scheduling	Update	Rule needs to take into account customers that have NOT enabled other communication channels (SMS or Whatsapp).
Talent Acquisition Core	Talent Acquisition - Core	Candidate Engagement with WhatsApp	WhatsApp Integration Configured	whatsapp_integration_enabled_cs	WhatsApp integration not configured. Go to integrations/email_config and verify: 1. WhatsApp Business API provider is configured 2. Business phone number is verified 3. API credentials are valid 4. WhatsApp messaging is enabled. Note: Requires third-party agreement with WhatsApp BSP	Ensures that WhatsApp Business API integration is configured with provider credentials and phone number.	WhatsApp messages cannot be sent without provider configuration.			New/Add	Check for whatsapp_twilio_account_sid, whatsapp_twilio_auth_token, whatsapp_twilio_messaging_service_id
Talent Acquisition Core	Talent Acquisition - Core	Candidate Pipeline	Leads workflow	leads_workflow		This rule verifies the presence of the Leads Workflow tab in the pipeline page.	The Leads Workflow tab on the pipeline page is the initial touchpoint for recruiters as they begin filling positions. Ensuring this tab is available and properly configured is essential for a smooth recruitment process and recruiter productivity.	Pipeline/ Workflows	pipeline_and_workflows	Update	
Talent Acquisition Core	Talent Acquisition - Core	Candidate Pipeline	Applicants workflow	applicants_workflow		This rule verifies the presence of the Applicant Workflow tab on the pipeline page.	The Applicant Workflow tab lists all candidates who have applied or are under consideration for a job requisition. It serves as a central workspace to reviewing and advancing applicants efficiently, ensuring a streamlined recruitment process.	Pipeline/ Workflows	pipeline_and_workflows	Update	With this rule, would it be possible to run a report on against the current configuration to identify the base requirements (ie Contacted, Applicants flows are missing)
Talent Acquisition Core	Talent Acquisition - Core	Candidate Pipeline	Successful Application Stage Advances Per Job Req Template	application_stage_advances_per_job_req_template_rule		Every job requisition template must achieve at least a 90% success rate when advancing stages from Eightfold to the external system. If the stage transition map is configured correctly, stage advances should not fail.		TA Operations	ta_operations	Update	
Talent Acquisition Core	Talent Acquisition - Core	Candidate Profile	Profile Sections Defined	profile_sections_defined_cs	Profile sections not configured. Go to integrations/profile_display_config and ensure at least these sections are enabled: 1. Overview 2. Experience 3. Education 4. Skills	Ensures that key profile sections are defined and enabled. At minimum, overview section should be present.	Profile information cannot be displayed to recruiters without section configuration.			New/Add	
Talent Acquisition Core	Talent Acquisition - Core	Copilot	Copilot Capabilities Configured	copilot_capabilities_configured_cs	Copilot capabilities not configured. Go to integrations/copilot_capability_config and enable at least one capability (e.g., job_description_generation, scheduling_assistant).	Ensures that specific Copilot capabilities (job description generation, scheduling assistance, etc.) are enabled in capability configuration.	Copilot will be enabled but have no usable features.			New/Add	
Talent Acquisition Core	Talent Acquisition - Core	Copilot	Copilot Feature Enabled	copilot_feature_enabled_cs	Copilot not enabled. Go to integrations/copilot_config and set enabled: true.	Ensures that Copilot feature is enabled in configuration. Copilot must be explicitly enabled before use.	Copilot features will not be accessible to users.			New/Add	
Talent Acquisition Core	Talent Acquisition - Core	Diversity Capabilities	Diversity Configuration Enabled	diversity_config_enabled_cs	Diversity configuration missing. Go to integrations/diversity_config and initialize the configuration.	Ensures that diversity configuration object exists. This config controls bias reduction features like profile masking.	Diversity and bias reduction features cannot function without configuration.			New/Add	
Talent Acquisition Core	Talent Acquisition - Core	Diversity Capabilities	Masking Fields Configured	masking_fields_configured_cs	Masking fields not configured. Go to integrations/diversity_config and specify which fields to mask (e.g., age, gender, ethnicity, educational_background).	Ensures that if profile masking is enabled, specific fields are configured to be masked (age, gender, ethnicity, etc.).	Masking feature will be enabled but no fields will actually be masked, defeating the purpose.			New/Add	
Talent Acquisition Core	Talent Acquisition - Core	Diversity Capabilities	Candidate Anonymization Rules	candidate_anonymization_rules_cs		Ensures that anonymization rules are correctly configured to automatically anonymize candidate profiles based on defined criteria (e.g., event end date, inactivity period, talent network opt-out).	Candidate data may not be anonymized according to compliance requirements, creating data privacy and regulatory risks.			New/Add	
Talent Acquisition Core	Talent Acquisition - Core	Global Search	Global Search Configuration Enabled	global_search_enabled_cs	Global search not enabled. Go to integrations/global_search_config and set enabled: true.	Ensures that global search feature is enabled in configuration, allowing recruiters to search across the talent network.	Recruiters cannot search for candidates without global search enabled.			New/Add	
Talent Acquisition Core	Talent Acquisition - Core	Global Search	Search Filters Configured	search_filters_configured_cs	Search filters not configured. Go to integrations/global_search_config and configure filters for: 1. Location 2. Skills 3. Experience/Seniority 4. Current Company 5. Job Title	Ensures that search filters are configured, allowing recruiters to refine searches by location, skills, experience, contact_consent etc.	Search results cannot be filtered effectively without filter configuration.			New/Add	Added contact_consent to description
Talent Acquisition Core	Talent Acquisition - Core	Interview Feedback	Feedback report	feedback_report		Defines the columns, display names, fields, formatting, and widths for the consolidated feedback report. This ensures the report is well-structured, visually clear, and easily interpretable by recruiters, hiring managers, and other stakeholders.	Properly configured columns and formatting improve the usability and professionalism of the feedback report, enabling better hiring decisions and streamlined evaluation processes.	Interview feedback	interview_feedback	Keep as is	
Talent Acquisition Core	Talent Acquisition - Core	Interview Feedback	Dashboard columns list	dashboard_columns_list		Configures the list of columns displayed on the feedback dashboard to provide relevant and actionable information to users. Each column represents a key attribute related to the feedback process, ensuring clarity and usability of the dashboard.	Missing or improperly configured columns can result in incomplete or irrelevant data being displayed, reducing the dashboard's effectiveness and user efficiency.	Interview feedback	interview_feedback	Keep as is	
Talent Acquisition Core	Talent Acquisition - Core	Interview Feedback	Feedback Forms Configured	feedback_forms_configured_cs	Feedback forms not configured. Go to integrations/interview_feedback_config and create at least one feedback form template with questions.	Ensures that feedback form templates are configured. Forms define the structure and questions for interview feedback.	Interviewers cannot submit feedback without form templates.			New/Add	
Talent Acquisition Core	Talent Acquisition - Core	Interview Feedback	Interview Feedback Configuration Enabled	feedback_config_enabled_cs	Interview feedback not configured. Go to integrations/interview_feedback_config and set enabled: true.	Ensures that interview feedback feature is configured and enabled, allowing interviewers to submit structured feedback.	Interview feedback cannot be collected without configuration.			New/Add	
Talent Acquisition Core	Talent Acquisition - Core	Smart Scheduling	Timezone	scheduling_timezone		Ensures a default interview timezone is configured for scenarios where user-defined or calendar-specific timezones are unavailable. This avoids scheduling errors and confusion caused by timezone mismatches.	Missing timezone configuration can lead to scheduling inaccuracies, affecting candidate and interviewer availability.	Scheduling	smart_scheduling	Update	
Talent Acquisition Core	Talent Acquisition - Core	Smart Scheduling	Schedule action	standard_schedule_action		Ensures the scheduling action is enabled on the profile or pipeline page, allowing recruiters to initiate interview scheduling directly.	If not enabled, recruiters cannot initiate the scheduling process, leading to delays and inefficiencies in interview coordination.	Scheduling	smart_scheduling	Update	
Talent Acquisition Core	Talent Acquisition - Core	Smart Scheduling	Scheduling Integration Configured	scheduling_integration_configured_cs	Calendar integration not configured. Go to integrations/scheduling_config and configure: 1. Calendar provider (Google/Outlook/Exchange) 2. OAuth credentials or API keys 3. Service account or connection settings 4. Test the integration to verify connectivity	Ensures that calendar integration is configured with provider credentials. Integration is required for checking availability and creating calendar events.	System cannot create calendar events or check interviewer availability.			New/Add	Calendar integration doesn't require provider credentials setup. Check: Branding Config, Company Name, Calendar Provider, Availability, minSchedulingNoticeSeconds, Preferences, interviewDurationOptions
Talent Acquisition Core	Talent Acquisition - Core	Smart Scheduling	Scheduling Center Filter Configuration	scheduling_center_filter_config_cs		Ensures that filters in the Scheduling Center (hiring manager, location, etc.) have appropriate facet limits and autocomplete configurations to display all relevant options.	Users may only see a limited subset of hiring managers or locations in filters, making it difficult to find and schedule interviews for all positions.			New/Add	Default config not exposed in Admin Console. May get consistent pass/fail depending on check logic
Talent Acquisition Core	Talent Acquisition - Core	Smart Scheduling	Scheduling Templates Configured	scheduling_templates_exist_cs	Scheduling templates not found. Go to integrations/scheduling_config and create at least one template with: 1. Template name 2. Interview duration 3. Interview type/stage 4. Required participants	Ensures that scheduling templates are configured, defining interview types, durations, and participant roles.	Interviews cannot be scheduled without templates defining the structure.			New/Add	
Talent Acquisition Core	Talent Acquisition - Core	Smart Scheduling	Scheduling Template Permissions	scheduling_template_permissions_cs		Ensures that role permissions for scheduling templates are correctly configured. Users with 'perm_admin_email_scheduling_templates' should be able to view, edit, and manage all scheduling templates.	Users may not be able to edit templates even when they have the correct permission, blocking scheduling workflow setup and management.			New/Add	
Talent Acquisition Core	Talent Acquisition - Core	Smart Scheduling	Scheduling Configuration Enabled	scheduling_config_enabled_cs	Scheduling configuration not enabled. Go to integrations/scheduling_config and set enabled: true.	Ensures that smart scheduling feature is configured and enabled, allowing automated interview scheduling.	Interview scheduling features cannot be used without configuration.			New/Add	
Talent Acquisition Core	Talent Acquisition - Core	Smart Scheduling	Calendar Provider	enabled_for_scheduling		Ensures a calendar provider (e.g., Google Calendar, Microsoft Outlook 365) is configured to enable seamless interview scheduling and synchronization with interviewers' and candidates' calendars.	Without a configured calendar provider, the system cannot synchronize interviews, requiring manual scheduling and leading to inefficiencies.	Scheduling	smart_scheduling	Update	
Talent Acquisition Core	Talent Acquisition - Core	Workflow Automation	Workflow Automation Configuration Enabled	workflow_automation_enabled_cs	Workflow automation not enabled. Go to integrations/workflow_automation_config and set enabled: true.	Ensures that workflow automation feature is configured and enabled, allowing creation of automated candidate workflows.	Workflow automation features are not available to users.			New/Add	
Talent Acquisition Core	Talent Acquisition - Core	Workflow Automation	Workflow Triggers Configured	workflow_triggers_valid_cs	Workflow triggers not configured. Go to workflows and configure triggers with: 1. Valid trigger event (stage_change, application_submitted, etc.) 2. Trigger conditions 3. Associated workflow actions	Ensures that at least one workflow trigger is configured. Triggers define when workflows execute (stage change, application, etc.).	Workflows cannot execute without trigger configuration.			New/Add	
Talent Acquisition Core	Talent Acquisition - Core	Chrome Extension	Communities disabled text	extension_communities_disabled_text		Configures a clear and actionable message displayed when the Communities feature is disabled, ensuring users understand why it is unavailable and what steps they can take.	Without this configuration, users may be confused about the feature's unavailability, leading to frustration or support tickets.	Chrome Extension	chrome_extension	Keep as is	
Talent Acquisition Core	Talent Acquisition - Core	Chrome Extension	Reminder action	extension_reminder_action		Ensures that reminders set by users on a candidate's profile are visible across all platforms, including the EF extension, to prevent duplicate outreach or conflicting engagements. This feature enables team-wide collaboration and reduces redundant communication.	Without this configuration, team members may unknowingly duplicate efforts, resulting in poor candidate experience and inefficient use of sourcing resources.	Chrome Extension	chrome_extension	Keep as is	
Talent Acquisition Core	Talent Acquisition - Core	Chrome Extension	App config	app_configs		Ensures that the hostname is set in the app_configs section of extension config for linkedin, naukri and github.	Missing hostname configuration can prevent proper interaction with specific websites, impacting functionality such as profile parsing and candidate engagement.	Chrome Extension	chrome_extension	Keep as is	
Talent Acquisition Core	Talent Acquisition - Core	Chrome Extension	Actions	extension_actions		Ensures that all actions and sub-actions are correctly set up so recruiters and sourcers have a smooth, intuitive experience managing candidates. These actions include saving candidates, updating statuses, setting reminders, and performing other key functions within the platform and browser extensions.	If actions are missing or misconfigured, recruiters may be unable to manage candidates efficiently, leading to workflow delays, errors, and reduced team collaboration.	Chrome Extension	chrome_extension	Update	
Talent Acquistion CRM Add-On	Talent Acquisition - Event Recruiting	Event Recruiting	Event Recruiting Configuration Enabled	event_config_enabled_cs	Event recruiting not enabled. Go to integrations/planned_event_config and set enabled: true.	Ensures that event recruiting feature is configured and enabled, allowing creation and management of recruiting events.	Event recruiting features are not accessible.			New/Add	
Talent Acquistion CRM Add-On	Talent Acquisition - Event Recruiting	Event Recruiting	Event Stages Configured	event_stages_configured_cs	Event stages not configured. Go to integrations/planned_event_workflow_config and define event stages (e.g., Registered, Attended, Interviewed, Shortlisted).	Ensures that event-specific pipeline stages are configured, defining how candidates progress through event recruiting.	Candidates in events cannot be moved through stages without configuration.			New/Add	
Talent Acquistion CRM Add-On	Talent Acquisition - Event Recruiting	Event Recruiting	Event Home Configuration Valid	event_home_config_valid_cs	Event home configuration invalid. Go to integrations/planned_event_home_config and configure display settings for event listing.	Ensures that event home configuration is set up, controlling how events are displayed and listed in the UI.	Events list may not display correctly to recruiters.			New/Add	
Talent Acquistion CRM Add-On	Talent Acquisition - Event Recruiting	Event Recruiting	Event Assessment Error Message Capture	event_assessment_error_capture_cs		Ensures that when assessment requests fail and candidates are moved to Assessment Error stage, the error message is captured in the candidate's external_custom_info and displayed in the Assessment Error view.	Recruiters cannot see why assessment requests failed, making it difficult to troubleshoot and retry assessments, leading to candidate pipeline delays.			New/Add	
Talent Acquistion CRM Add-On	Talent Acquisition - Event Recruiting	Event Recruiting	Event Assessment Trigger Configuration	event_assessment_trigger_config_cs		Ensures that event assessment triggers are configured to pass all required fields to external assessment systems, including action_user_email, regardless of whether triggered from event pipeline or position pipeline.	Assessment triggers may fail or send incomplete data to third-party systems, preventing proper tracking of who initiated assessments and breaking downstream reporting.			New/Add	
Talent Acquistion CRM Add-On	Talent Acquisition - Smart Campaigns	Smart Campaigns	Smart Campaigns Configuration Enabled	campaign_config_enabled_cs	Smart campaigns not enabled. Go to integrations/campaign_config and set enabled: true.	Ensures that smart campaigns feature is configured and enabled, allowing creation of candidate nurture campaigns.	Campaign features are not accessible to users.			New/Add	
Talent Acquistion CRM Add-On	Talent Acquisition - Smart Campaigns	Smart Campaigns	Campaign Email Templates Configured	campaign_email_templates_exist_cs	Campaign templates not found. Go to integrations/email_templates and create templates for campaign use (tagged as campaign_email).	Ensures that email templates specific to campaigns are configured for candidate outreach.	Campaigns cannot send emails without templates.			New/Add	System should check for at least 1 associated campaign template is configured in the system
Talent Acquistion CRM Add-On	Talent Acquisition - Talent Communities	Talent Communities	Talent Communities Configuration Enabled	community_config_enabled_cs	Talent communities not enabled. Go to integrations/community_home_config and set enabled: true.	Ensures that talent communities feature is configured and enabled, allowing creation and management of talent pools.	Talent communities features are not accessible.			New/Add	
Talent Acquistion CRM Add-On	Talent Acquisition - Talent Communities	Talent Communities	Community Pipeline Stages Configured	community_stages_configured_cs	Community stages not configured. Go to integrations/community_workflow_config and define stages for community member progression.	Ensures that community pipeline stages are configured, defining how candidates progress within talent communities.	Community members cannot be managed through stages.			New/Add	
Talent Acquistion CRM Add-On	Talent Acquisition - Talent Communities	Talent Communities	Community Home	community_home		This rule verifies that the Community Home page is correctly configured by ensuring the presence and validity of the key objects, available_filters, filter_to_fq_data_map, and columns in community_home_config.	These configurations ensure the Community Home page functions as a unified dashboard for recruiters to manage and analyze all talent communities. Missing components can render the feature non-functional or significantly impair talent sourcing.	Talent communities	talent_communities	Update	Currently only checks available_filters. Should also check filter_to_fq_data_map and columns
Talent Acquistion CRM Add-On	Talent Acquisition - Talent Communities	Talent Communities	Community workflows	cummunity_workflows		Verifies that community_workflow_config is defined per community type with a valid display_name and non-empty workflow steps.	Ensures Community pipelines render and function correctly, stages appear in the UI, community types display consistently, and stage progressions/automations work. Without this, communities can't progress prospects or reflect status, breaking sourcing workflows.	Talent communities	talent_communities	Update	
Talent Managment Core	Talent Management - Core	Core Talent Management (Employee Profiles and Career Hub homepage)	Profile skills quality	profile_skills_quality		Checks whether at least 75% of employee profiles have at least one skill added, ensuring profiles are enriched for recommendations and skill-based workflows.	Insufficient skills on profiles will reduce the effectiveness of recommendations and insights across Talent Management modules.	Employee Skills Dashboard	employee_skills_dashboard	Update	
Talent Managment Core	Talent Management - Core	Core Talent Management (Employee Profiles and Career Hub homepage)	Recommended Jobs	recommended_jobs_filter_list		Ensures the filter list for recommended jobs in Career Hub is configured. This feed shows jobs personalized for the employee based on their profile and preferences.	If not configured, employees may receive irrelevant job recommendations, reducing engagement with the Career Hub.	Recommendation Feeds	recommendation_feeds	Update	
Talent Managment Core	Talent Management - Core	Core Talent Management (Employee Profiles and Career Hub homepage)	Similar People	similar_people_filter_list		Ensures the filter list for similar people recommendations in Career Hub is configured. This feature shows employees other people with similar current or target titles for networking and exploration.	If not configured, employees may see irrelevant recommendations or fail to see potential peers, reducing the utility of Career Hub.	Recommendation Feeds	recommendation_feeds	Update	
Talent Managment Core	Talent Management - Core	Core Talent Management (Employee Profiles and Career Hub homepage)	Career Hub Home Page Card Configuration	career_hub_home_page_cards_cs	Home page feature cards may be disabled. Go to integrations/career_hub_base_config > product_configs > employee and verify: 1. In 'home_page_config' > 'cards', enable desired feature cards 2. For Mentors: ensure 'recommended_mentors' card is enabled 3. For Courses: ensure 'recommended_courses' card is enabled 4. For Career Navigator: ensure 'career_navigator_tour' card is enabled 5. Check card display order and personalization settings	Ensures that key Career Hub feature cards are enabled and visible on the employee home page, including Mentors, Courses, Career Navigator Tour, and other discovery features.	Important Career Hub features are not visible to employees on their home page, reducing feature discoverability and adoption.			Update	
Talent Managment Core	Talent Management - Core	Core Talent Management (Employee Profiles and Career Hub homepage)	Employee Engagement Enabled	employee_engagement_enabled		Checks whether employee engagement features are enabled in Career Hub to track and encourage participation in upskilling/development plan workflows.	If not enabled, employee engagement tracking and related workflows will not function, reducing visibility into participation.	Skill Assessments v2	skill_assessments_v2	Update	
Talent Managment Core	Talent Management - Core	Core Talent Management (Employee Profiles and Career Hub homepage)	Employee Hiring Bands	employee_hiring_bands		Ensures that employee hiring bands are set up and linked to the correct seniority levels in the calibration settings. This aligns employees and roles by level, enabling accurate search, recommendations, and analytics.	Missing or incorrect bands can lead to mismatched job recommendations, broken filters, inaccurate seniority-based indexing, and will also affect mentorship recommendations if hiring bands are not configured.	Basic TM	base_tm	Update	
Talent Managment Core	Talent Management - Core	Skills Development	Upskilling tab exists under own profile page	upskilling_display_config		Checks whether the Upskilling tab is configured to appear under the employee's own profile page, enabling employees to view and manage upskilling plans within Career Hub.	If not configured, employees will not see the Upskilling tab, reducing visibility into upskilling opportunities.	Upskilling	upskilling	Update	
Talent Managment Core	Talent Management - Core	Courses	Skills across all courses	course_skills_count_rule		Tracks the percentage of courses with associated skills, ensuring course suggestions for upskilling plans, career navigator paths & course recommendations are relevant and skills-based.	Low skill mapping reduces the effectiveness of course recommendations across TM.	Learning/ Courses	courses	Update	
Talent Managment Core	Talent Management - Core	Courses	My courses	my_courses		Ensures the 'My Courses' section is available in the Career Hub navigation bar, providing employees with access to assigned, in-progress, and completed courses in one place.	If missing, employees may struggle to track learning progress or locate relevant courses, reducing participation in development initiatives.	Learning/ Courses	courses	Keep as is	
Talent Managment Core	Talent Management - Core	Courses	Courses explore	explore_course		Ensures the 'Courses Explore' feature is enabled, allowing employees to browse and search for courses using various filters to discover learning opportunities aligned with their goals.	If not enabled, employees may struggle to find relevant courses, reducing participation in learning initiatives.	Learning/ Courses	courses	Keep as is	
Talent Managment Core	Talent Management - Core	Courses	Courses global search	global_search_course		Ensures courses are integrated into Global Search, allowing employees to find relevant courses alongside other entities within the platform.	If not enabled, employees may find it difficult to search for courses, reducing participation in development programs.	Learning/ Courses	courses	Keep as is	
Talent Managment Core	Talent Management - Core	Data Health	More than {{ metric_data_json.min_threshold }}% of employees should have level	employee_level_quality		Checks whether most employees have a level defined in their profiles. Levels are used to infer employee seniority and help auto-initialize roles with the appropriate seniority for planning and mobility workflows.	Missing level data affects seniority inference, which can break key features like matching, recommendations, and role creation logic.	Basic TM	base_tm	Update	
Talent Managment Core	Talent Management - Core	Data Health	More than {{ metric_data_json.min_threshold }}% of employees should have their associated levels defined in Internal mobility config	employee_levels_in_internal_mobility_config_quality		Checks if employee levels are defined in the Internal Mobility configuration, which is critical for role hierarchy and accurate matching in Career Navigator.	Missing level configurations can lead to incorrect eligibility calculations and limit internal mobility workflows.	Career Navigator	career_navigator	Update	
Talent Managment Core	Talent Management - Core	Data Health	More than {{ metric_data_json.min_threshold }}% of employees should have job code	employee_job_code_quality		Checks whether employees have job codes defined in their profiles. Job codes are critical in Talent Management for succession planning, Career Navigator, and linking employees to roles. They also help auto-initialize roles based on employee count.	If job codes are missing, role mapping and initialization may fail, affecting downstream workflows like succession tracking and internal mobility visibility.	Basic TM	base_tm	Update	
Talent Managment Core	Talent Management - Core	Data Health	Employee business unit quality	employee_business_unit_quality		Checks whether most employees have a Business Unit (BU) defined in their profiles. This field is essential for organizational grouping, permissioning, analytics, and segmentation in Talent Management workflows.	Missing Business Unit values can lead to misaligned access permissions, broken analytics, and ineffective organizational grouping in the platform.	Basic TM	base_tm	Update	
Talent Managment Core	Talent Management - Core	Data Health	More than {{ metric_data_json.min_threshold }}% of positions should have hiring_band	position_hiring_band_data_quality		Checks whether most positions have a hiring band defined. Hiring bands are critical for enabling job recommendations within the eligible band range, based on the employee's level.	Missing hiring band data prevents accurate job recommendations and breaks band-based eligibility logic in Career Hub workflows.	Basic TM	base_tm	Update	
Talent Managment Core	Talent Management - Core	Data Health	More than {{ metric_data_json.min_threshold }}% of employees should have location	employee_location_quality		Checks whether most employees have a location defined in their profile. Employee location is essential for accurate job recommendations, geo-based insights, and experience personalization.	Missing location data limits personalized experiences, reduces relevance of job recommendations, and may affect location-based reporting and permissions.	Basic TM	base_tm	Update	
Talent Managment Core	Talent Management - Core	Data Health	More than {{ metric_data_json.min_threshold }}% of employees should have hiring_date	employee_hiring_date_quality		Checks whether most employees have a hiring date defined in their profile. Hiring date is essential for tenure calculations, workforce analysis, and insights related to attrition and experience.	Missing hiring dates can impact employee tenure analytics, reduce accuracy of workforce reports, and affect downstream features such as retention tracking.	Basic TM	base_tm	Update	
Talent Managment Core	Talent Management - Core	Data Health	More than {{ metric_data_json.min_threshold }}% of employees should have seniority level	employee_current_title_seniority_quality		Checks whether most employees have a seniority level derived from their current title. Seniority is essential for talent management workflows, influencing job recommendations, benchmarking, and succession planning.	Missing seniority levels can lead to inaccurate matching, ineffective internal mobility recommendations, and breakdowns in career pathing logic.	Basic TM	base_tm	Update	
Talent Managment Core	Talent Management - Core	Data Health	More than {{ metric_data_json.min_threshold }}% of employees should have lob (Line of Business)	employee_division_quality		Checks whether most employees have a defined division (Line of Business). Division data is crucial for understanding employee roles and for auto-initializing role business functions in career and mobility workflows.	Missing division (LOB) values may result in inaccurate role mapping and broken logic for career pathing, recommendations, and workforce planning.	Basic TM	base_tm	Update	
Talent Managment Core	Talent Management - Core	Data Health	More than {{ metric_data_json.min_threshold }}% of roles should have job code	role_job_code_quality		Checks whether most roles have a job code defined. Job codes uniquely identify roles and enable Talent Management products to map employees to the correct roles and support accurate succession, pipeline, and mobility workflows.	Missing job codes for roles can break employee-role mapping, reduce matching accuracy, and affect downstream processes that rely on role uniqueness.	Basic TM	base_tm	Update	
Talent Managment Core	Talent Management - Core	Data Health	More than {{ metric_data_json.min_threshold }}% of roles should have titles	role_title_quality		Checks whether most roles have titles defined. Titles are critical for all roles as they drive recommendations and support matching in Talent Management modules like Career Navigator.	Missing role titles can break job matching, reduce recommendation quality, and impact visibility in career planning workflows.	Basic TM	base_tm	Update	
Talent Managment Core	Talent Management - Core	Data Health	More than {{ metric_data_json.min_threshold }}% of roles should have an associated level	role_level_quality		Checks whether most roles have an associated level defined. Levels help determine role seniority and hierarchy, supporting accurate recommendations and career pathing in Talent Management modules like Career Navigator.	Missing role levels can break seniority inference, reduce the effectiveness of matching and recommendations, and affect career planning workflows.	Basic TM	base_tm	Update	
Talent Managment Core	Talent Management - Core	Data Health	More than {{ metric_data_json.min_threshold }}% of roles should have their associated levels defined in Internal mobility config	role_levels_in_internal_mobility_config_quality		Checks whether most roles have their associated levels defined in the Internal Mobility configuration. This setup is critical for understanding role hierarchy and supporting eligibility, matching, and internal mobility workflows.	Missing role levels in the configuration can lead to incorrect eligibility checks, poor matching, and breakdowns in career planning workflows.	Basic TM	base_tm	Update	
Talent Managment Core	Talent Management - Core	Data Health	More than {{ metric_data_json.min_threshold }}% of roles should have business function	role_lob_quality		Checks whether most roles have a business function defined. Business functions help determine the domain of a role and influence job recommendations and matching in Career Navigator and other Talent Management modules.	Missing business function data can reduce the quality of recommendations, affect domain-based matching, and break role grouping in career planning workflows.	Basic TM	base_tm	Update	
Talent Managment Core	Talent Management - Core	Data Health	More than {{ metric_data_json.min_threshold }}% of projects should have skills	projects_with_skills_rule		Checks whether most projects have skills tagged. Associating skills with projects helps showcase employee capabilities, supports accurate skill mapping, and improves internal mobility and development planning.	Projects without skills reduce the platform's ability to infer employee capabilities, impacting skill-based recommendations and visibility in internal searches.	Basic TM	base_tm	Update	
Talent Managment Core	Talent Management - Core	Data Health	More than {{ metric_data_json.min_threshold }}% of employees should have manager email	employee_manager_email_quality		Checks that most employees have their manager's email address. Manager emails are needed to show who reports to whom, create org charts, and control access based on management levels.	Without manager emails, org charts will be incomplete, manager-based features won't work properly, and skills assessments (which require manager assessment) will be incomplete.	Basic TM	base_tm	Update	
Talent Managment Core	Talent Management - Core	Data Health	Valid manager email	valid_manager_email		Checks whether most employees have a valid manager email assigned. A valid manager email must match the email of an existing employee profile. This is required to build accurate org charts and enforce permission rules based on managerial relationships.	If manager emails are missing or invalid, org charts may be incomplete, and features relying on manager-based permissions (like approvals and insights) may not function correctly.	Basic TM	base_tm	Update	Rule checks for the presence of an email. Absence of an email is treated as invalid. True email validity check would be checking for email domain name.
Talent Managment Core	Talent Management - Core	Data Health	More than {{ metric_data_json.min_threshold }}% of employees should not be thin profiles	employee_thin_profile_quality		Rich employee profiles are essential for accurate job matching, high-quality recommendations, and meaningful workforce insights.	When too many employees have basic profiles with minimal information, Talent Management features become less effective, recommendations lose quality, and analytics become less accurate and useful. This metric passes when at least 95% of employees have enriched profiles.	Basic TM	base_tm	Update	The rule can be stated positively instead of negation. Eg: At least 95% of employees should have enriched profiles
Talent Managment Core	Talent Management - Core	Data Health	More than {{ metric_data_json.min_threshold }}% of courses should have skills	courses_with_skills_rule		Checks whether most courses have skills tagged. Skills are essential for delivering accurate course recommendations, enabling skill-based learning paths, and improving the relevance of suggestions within Talent Management workflows.	Courses without skills cannot be recommended effectively, reducing the quality of learning paths and personalized suggestions for employees.	Basic TM	base_tm	Update	The rule does not specifically track for presense of skills. This should be added.
Talent Managment Core	Talent Management - Core	Data Health	More than {{ metric_data_json.min_threshold }}% of courses should have title	courses_with_title_rule		Checks whether most courses have a title defined. Course titles are essential for identifying content, improving discoverability, and inferring skills that employees can learn from the course.	Courses without titles are difficult to identify and cannot be used effectively for recommendations, reducing engagement with learning resources.	Basic TM	base_tm	Update	The rule may not be working as expected. Even if course.title is present, the rule flags as fail.
Talent Managment Core	Talent Management - Core	Data Health	More than {{ metric_data_json.min_threshold }}% of courses should have relevant (50+ words) description	courses_with_description_rule		Checks whether most courses have a relevant description of at least 50 words. Course descriptions help employees understand course content and are used to infer skills associated with the course for recommendations.	Courses without sufficient descriptions are harder to discover, reduce learner engagement, and limit the platform's ability to map skills for personalized recommendations.	Basic TM	base_tm	Update	The rule may not be working as expected. Even if course.description is present, the rule flags as fail.
Talent Managment Core	Talent Management - Core	Data Health	More than {{ metric_data_json.min_threshold }}% of projects should have title	projects_with_title_rule		Checks whether most projects have a title defined. Project titles are important for identifying and showcasing work, enabling discoverability and supporting career development conversations.	Projects without titles are harder to identify, reducing their visibility within employee profiles and limiting their use in growth and development planning.	Basic TM	base_tm	Update	
Talent Managment Core	Talent Management - Core	Data Health	More than {{ metric_data_json.min_threshold }}% of projects should have description	projects_with_description_rule		Checks whether most projects have a description provided. Project descriptions add context to employees' work, making it easier to showcase contributions and align them with skill development and career goals.	Projects without descriptions provide limited value in profiles, reducing visibility in internal searches and weakening career development insights.	Basic TM	base_tm	Update	Passing Rule needs to be reviewed. I found a rule that said 26 out of 64 had description. But the passing rule had 0 projects.
Talent Managment Core	Talent Management - Core	Internal Mobility (One-Click Apply or redirect to ATS for employees)	Redirect to ATS	ijp_apply_redirect_url		Checks that the redirect URL configuration for job applications in Internal Mobility is set. If apply_through_api is not supported by the ATS, the system should redirect employees using apply_url_template or apply_url_config.	If not configured, employees may face issues applying to jobs, leading to application failures and frustration.	Internal Mobility	internal_mobility	Keep as is	
Talent Managment Core	Talent Management - Core	Internal Mobility (One-Click Apply or redirect to ATS for employees)	Careerhub employee max resume size bytes	careerhub_employee_max_resume_size_bytes		Ensures the maximum allowed resume upload size for job applications in Career Hub is configured. Setting this value prevents upload errors, enabling a smooth application experience for employees.	If not configured, users may encounter errors when uploading large resumes, leading to frustration and potential drop-offs during the application process.	Basic TM	base_tm	Update	
Talent Managment Core	Talent Management - Core	Internal Mobility (One-Click Apply or redirect to ATS for employees)	Careerhub employee allowed file extensions for resume	careerhub_employee_allowed_file_types		Ensures that the allowed file extensions for resume uploads are properly configured in Career Hub for employees. This prevents upload errors, ensures compatibility, and supports a seamless user experience during job applications.	If not configured, employees may encounter errors when uploading resumes, leading to frustration and lower participation in career site activities.	Basic TM	base_tm	Update	
Talent Managment Core	Talent Management - Core	Internal Mobility (One-Click Apply or redirect to ATS for employees)	Job Bands	job_bands		Job bands must be set up to show the role levels in your organization. They help determine which employees qualify for which roles and enable internal job movement.	Without proper job bands, employees won't be matched to the right positions and career navigation will not work as expected.	Basic TM	base_tm	Update	
Talent Managment Core	Talent Management - Core	Internal Mobility (One-Click Apply or redirect to ATS for employees)	Hiring Band Equivalance	hiring_band_equivalence		Ensures that hiring band equivalencies are defined to logically group job bands across levels. This supports accurate eligibility checks and enables employees to apply for roles outside their exact job band when appropriate.	Without equivalencies, eligibility rules may be applied inconsistently, limiting internal mobility and reducing confidence in recommendations.	Basic TM	base_tm	Update	Adding Navigation might help: Talent Management > Internal Mobility
Talent Managment Core	Talent Management - Core	Internal Mobility (One-Click Apply or redirect to ATS for employees)	Filter by hiring band	filter_by_hiring_band		Ensures that the hiring band filter is enabled on the employee home page. This filter shows employees only the jobs they are eligible for based on their band, improving the quality of recommendations.	If this filter is disabled (default is 0), employees may see jobs they are not eligible for, which can lead to confusion, lower engagement, and poor overall experience in the Career Hub.	Basic TM	base_tm	Update	Add the config where key is found: Talent Management > Internal Mobility > hiring_band_filtering
Talent Managment Core	Talent Management - Core	Mobile App	Navigation link	mobile_app_top_nav		Checks if the 'User Name' type navigation link is configured for the mobile app to enable user navigation in the app interface.	If missing, users may not have appropriate navigation in the mobile app.	Mobile app	mobile_app	Keep as is	
Talent Managment Core	Talent Management - Core	Smart Referrals	Position fq	smart_apply_position_fq		Ensures the position filter query (fq) is configured for Smart Apply in Career Site and Referrals, allowing proper filtering of positions during referral and application workflows.	Without this configuration, referrals and applications may surface irrelevant positions, reducing the effectiveness of Smart Referrals.	Referrals	smart_referrals	Update	
Talent Managment Core	Talent Management - Core	Smart Referrals	Navbar My Referrals	navbar_my_referrals		Checks whether the 'My Referrals' section is present in the Career Hub navigation bar, allowing employees to view and manage their referrals easily.	Without this section, employees may be unable to track their referral activities, reducing participation in referral programs.	Referrals	smart_referrals	Update	
Talent Managment Core	Talent Management - Core	Smart Referrals	My referrals config	myreferrals_config		Ensures the 'My Referrals' configuration is present within Career Hub, enabling employees to access and manage their referrals effectively.	Without this configuration, employees will not have visibility into their referrals, limiting engagement in referral workflows.	Referrals	smart_referrals	Update	
Talent Managment Leader Experience Add-on	Talent Management - Leader Experience	Assessments 2.0	Skill proficiencies	skill_proficiences		Checks whether skill proficiency tracking is configured for Skill Assessments when role skills are enabled in Career Hub.	Without this configuration, tracking employee proficiency in role-related skills during assessments will not function, reducing upskilling effectiveness.	Skill Assessments v2 with role skills enabled	skill_assessments_v2_with_role_skills	Update	
Talent Managment Leader Experience Add-on	Talent Management - Leader Experience	Assessments 2.0	Skill assessments	profile_page_skill_assessments		Checks whether Skill Assessments are configured on the employee profile page, enabling direct access for employees to complete assessments aligned with role skills.	If not configured, employees will not see Skill Assessments on their profiles, reducing participation and tracking.	Skill Assessments v2 with role skills enabled	skill_assessments_v2_with_role_skills	Update	
Talent Managment Leader Experience Add-on	Talent Management - Leader Experience	Assessments 2.0	Skill assessment access check enabled	skill_assessment_default_access		Checks whether access checks for Skill Assessments are enabled in Career Hub, allowing controlled access to assessment workflows.	Without this configuration, skill assessments may not respect access rules, leading to inconsistent user experience.	Skill Assessments v2	skill_assessments_v2	Update	
Talent Managment Leader Experience Add-on	Talent Management - Leader Experience	My Team View	More than {{ metric_data_json.min_threshold }}% of employees should have manager email	employee_manager_email_quality_myteam		Checks whether most employees have a manager email defined, which is essential for building accurate org charts and enabling manager-based data permissions in Talent Management workflows.	Missing manager emails disrupt org chart generation, reduce reporting accuracy, and limit manager-based workflows.	My Team/Org Chart	org_chart	Update	
Talent Managment Leader Experience Add-on	Talent Management - Leader Experience	My Team View	More than {{ metric_data_json.min_threshold }}% of employees should have manager_id	employee_manager_id_quality		Checks whether most employees have a manager_userid defined, which is critical for generating accurate org charts and enabling manager-based workflows in Talent Management.	Missing manager_userid prevents the system from constructing org charts and disrupts manager-based reporting and workflows.	My Team/Org Chart	org_chart	Update	
Talent Managment Leader Experience Add-on	Talent Management - Leader Experience	Projects	Projects global search	global_search_project		Ensures projects are integrated into Global Search so employees can search for project opportunities using platform-wide filters.	Without this, employees may be unable to find relevant projects, reducing participation in project-based development.	Project marketplace	project_marketplace	Update	
Talent Managment Leader Experience Add-on	Talent Management - Leader Experience	Projects	Projects explore	explore_project		Ensures the 'Projects Explore' feature is configured, allowing employees to browse and discover projects aligned with their interests and skills.	If not enabled, employees may struggle to find suitable project opportunities.	Project marketplace	project_marketplace	Update	
Talent Managment Leader Experience Add-on	Talent Management - Leader Experience	Projects	Projects feed	project_order_of_feeds		Checks whether the 'Recommended Projects' feed is configured in the order of feeds, ensuring employees see project recommendations on their Career Hub home page.	Without this feed, employees may miss project opportunities relevant to their development goals.	Project marketplace	project_marketplace	Update	
Talent Managment Leader Experience Add-on	Talent Management - Leader Experience	Skills Development	Upskilling tab exists under own profile page	upskilling_display_config_org_led		Checks whether the Upskilling tab is configured under the employee's profile page for organization-led upskilling workflows in Career Hub.	Without this configuration, employees will not see the Upskilling tab, limiting access to org-led upskilling plans.	Org led upskilling	org_led_upskilling	Update	Repurpose as check for template management option available to HRBP/Talent admin
Talent Managment Leader Experience Add-on	Talent Management - Leader Experience	Skills Development	Upskilling top nav	upskilling_top_nav		Checks whether the Upskilling link is present in the top navigation bar when org led upskilling is enabled in Career Hub to allow easy access to upskilling opportunities.	If not configured, employees will not see the Upskilling link in the top navigation, reducing discoverability and usage of upskilling features.	Org led upskilling	org_led_upskilling	Update	Only relevant when using org led upskilling
Talent Managment Leader Experience Add-on	Talent Management - Leader Experience	Succession Planning	Employee role quality	employee_role_quality		Checks whether employees are assigned to roles in Talent Design, which is necessary for identifying required skills and aligning them with succession planning and development workflows.	Without role assignments, the system cannot determine required skills for employees, reducing the accuracy of planning and upskilling workflows.	Succession Planning JIE enabled	succession_planning_jie_enabled	Update	
Talent Managment Leader Experience Add-on	Talent Management - Leader Experience	Succession Planning	More than {{ metric_data_json.min_threshold }}% of roles should have at least 3 skills	role_skills_quality		Checks whether most roles have at least 3 skills defined, ensuring role requirements are captured accurately for succession planning and recommendations in Talent Management workflows.	Roles with fewer than 3 skills will reduce the quality of recommendations and benchmarking across succession planning workflows.	Succession Planning JIE enabled	succession_planning_jie_enabled	Update	
Talent Managment Leader Experience Add-on	Talent Management - Leader Experience	Succession Planning	HRBP users quality	hrbp_users_rule		Checks that users with HRBP (Human Resources Business Partner) permissions are created to access HRBP features within the system.	Without HRBP user assignments, HRBP-specific features will not be accessible to the intended users, limiting HR's ability to manage and oversee talent processes.	Succession Planning JIE enabled	succession_planning_jie_enabled	Update	
Talent Managment Leader Experience Add-on	Talent Management - Leader Experience	Succession Planning	Position only plan	position_only_plan		Ensures the 'Position Only Succession Plan' configuration is enabled within Succession Planning, which restricts planning to position-based succession workflows.	Without this configuration, the system will not enforce position-only planning, which may cause misalignment with organizational planning policies.	Succession Planning JIE disabled	succession_planning_jie_disabled	Update	
Talent Managment Leader Experience Add-on	Talent Management - Leader Experience	Succession Planning	Talent hub config	talent_hub_config		Ensures the 'Talent Hub' configuration is present, allowing HRBPs to access the Talent Hub view for managing team planning and succession workflows.	If not configured, HRBPs will be unable to use Talent Hub features for talent management.	Talent Hub View (for HRBP)	manager_view	Update	
Talent Managment Leader Experience Add-on	Talent Management - Leader Experience	Succession Planning	Team planning tab order	talent_hub_tab_order		Ensures the 'Talent Hub' tab order is configured to display team planning tabs correctly within the HRBP Talent Hub view.	If not configured, the Talent Hub may display tabs in an incorrect or confusing order for HRBPs.	Talent Hub View (for HRBP)	manager_view	Update	
Talent Managment Leader Experience Add-on	Talent Management - Leader Experience	Succession Planning	Team table column order	team_table_order		Ensures the team planning table columns are displayed in the correct order within the Talent Hub view for HRBPs.	If not configured, HRBPs may find the team planning table confusing or misaligned with workflow needs.	Talent Hub View (for HRBP)	manager_view	Update	
Talent Managment Leader Experience Add-on	Talent Management - Leader Experience	Succession Planning	Team table column config	team_table_column_config		Ensures the team table column configuration is aligned with the defined column order in the Talent Hub for HRBPs.	If misaligned, the team table may display incorrect columns or cause confusion for HRBPs managing talent planning.	Talent Hub View (for HRBP)	manager_view	Update	
Talent Managment Leader Experience Add-on	Talent Management - Leader Experience	Succession Planning	Profile search data fields	profile_search_data_fields		Ensures the profile search data fields are configured correctly for the HRBP Talent Hub view, aligning with the team table configuration for effective profile search.	Incorrect configuration may lead to incomplete or inaccurate search results within the Talent Hub.	Talent Hub View (for HRBP)	manager_view	Update	
Talent Managment Leader Experience Add-on	Talent Management - Leader Experience	Succession Planning	Talent hub filter order	talent_hub_filter_order		Ensures the filter order within the Talent Hub is configured correctly for HRBPs, supporting effective filtering during team planning and succession workflows.	If not configured, filters may appear in an illogical order, reducing usability for HRBPs.	Talent Hub View (for HRBP)	manager_view	Update	
Talent Managment Leader Experience Add-on	Talent Management - Leader Experience	Succession Planning	Talent hub search filters	talent_hub_search_filters		Ensures the search filters within the Talent Hub are configured correctly to support effective filtering by HRBPs during talent planning workflows.	If not configured, HRBPs may experience missing or incorrect filters, making it difficult to search and analyze employee data.	Talent Hub View (for HRBP)	manager_view	Update	
Talent Managment Leader Experience Add-on	Talent Management - Leader Experience	Succession Planning	Employee business unit quality	employee_business_unit_quality_succession		Ensures that most employee profiles have the business unit (BU) field populated to support accurate organization structure and reporting.	If missing, it may affect reporting, filtering, and visibility within the Talent Hub.	Talent Hub View (for HRBP)	manager_view	Update	
Talent Managment Leader Experience Add-on	Talent Management - Leader Experience	Succession Planning	More than {{ metric_data_json.min_threshold }}% of employees should have lob (Line of Business)	employee_division_quality_succession		Ensures that most employee profiles have the division (Line of Business, LOB) field populated to support role initialization and business function inference.	Missing LOB can impact role matching, filtering, and reporting within the Talent Hub.	Talent Hub View (for HRBP)	manager_view	Update	
Talent Managment Leader Experience Add-on	Talent Management - Leader Experience	Succession Planning	More than {{ metric_data_json.min_threshold }}% of employees should have location	employee_location_quality_succession		Ensures that most employee profiles have a location defined to support filtering and reporting in Talent Hub and other modules.	Missing location data can limit reporting capabilities and reduce the effectiveness of location-based analysis.	Talent Hub View (for HRBP)	manager_view	Update	
Talent Managment Leader Experience Add-on	Talent Management - Leader Experience	Succession Planning	More than {{ metric_data_json.min_threshold }}% of employees should have level	employee_level_quality_succession		Ensures that most employee profiles have a level defined to support seniority inference, role initialization, and recommendations within Talent Hub and related workflows.	Missing level data can affect role matching, seniority determination, and recommendations within the system.	Talent Hub View (for HRBP)	manager_view	Update	
