SKU	Product Area	Rule Name	Rule ID	Config Reference	Description	Cursor Generated Description	Code Reference	Current Feature ID	Current Feature Name	Action	New Feature Alignment	Updates to rule logic
Talent Acquisition - Core	Talent Acquisition - Core	Email Configuration Enabled	email_config_enabled_cs	integrations/email_config → reply_to_domain / send_from_domain	Ensures 'reply_to_domain' and 'send_from_domain' are complete and valid.	**Purpose:** Validates that email configuration exists with valid send_from_domain and reply_to_domain settings for candidate communications.<br><br>**Impact:** Without email configuration, recruiters cannot send emails to candidates from the platform.<br><br>**To Fix:** Navigate to Admin Console → Provisioning → Email & SMS Configuration. Configure send_from_domain and reply_to_domain with verified domains.	www/data_audit/platform_health/config_health/product_config_health_configurable_rules.py	New/Add	Candidate Engagement with Email	Update	Candidate Engagement with Email	Instead of checking if the email_config has object or not, we should check for 'reply_to_domain' and 'send_from_domain'
Talent Acquisition - Core	Talent Acquisition - Core	The user has permission to send messages but does not have a communication email set	recruiter_missing_communication_email	User Management → users with PERM_SEND_MESSAGES / communication_email	The rule checks for users with send email permission who do not have a communication email set.	**Purpose:** Identifies users with send_messages permission who don't have a communication email configured.<br><br>**Impact:** Users without communication email cannot send messages to candidates, blocking engagement.<br><br>**To Fix:** Navigate to Admin Console → Provisioning → Manage Users. Add communication_email for all users with PERM_SEND_MESSAGES.	www/data_audit/platform_health/data_health/product_data_health_evaluation_rules.py	ta_operations	TA Operations	Update	Candidate Engagement with Email	Phase 1 - Description
Talent Acquisition - Core	Talent Acquisition - Core	SMS Integration Configured	sms_integration_enabled_cs	integrations/email_config → sms_twilio_account_sid / sms_twilio_auth_token	Ensures that SMS integration is enabled with valid provider configuration (Twilio, etc.). SMS provider credentials and phone number must be configured.	**Purpose:** Validates that SMS integration is configured with Twilio credentials for candidate text messaging.<br><br>**Impact:** Without SMS configuration, recruiters cannot send text messages to candidates.<br><br>**To Fix:** Navigate to Admin Console → Provisioning → Email & SMS Config. Configure Twilio account SID, auth token, and phone number.	www/data_audit/platform_health/config_health/product_config_health_configurable_rules.py	New/Add	Candidate Engagement with SMS	New/Add	Candidate Engagement with SMS	
Talent Acquisition - Core	Talent Acquisition - Core	Communication channels	communication_channels	scheduling_config → communication_channels (sms, whatsapp)	Verifies that communication channels (sms, whatsapp) are configured for interview scheduling.	**Purpose:** Validates that communication channels (SMS, WhatsApp) are configured for interview scheduling notifications.<br><br>**Impact:** Missing channels limit notification options if candidates prefer non-email communication.<br><br>**To Fix:** Navigate to Admin Console → Talent Acquisition → Scheduling. Enable SMS and WhatsApp channels as needed.	www/data_audit/platform_health/config_health/product_config_health_configurable_rules.py	smart_scheduling	Scheduling	Update	Candidate Engagement with SMS	Rule needs to take into account customers that have NOT enabled other communication channels (SMS or Whatsapp). Phase 1 - feature alignment Phase 2 - rule logic update
Talent Acquisition - Core	Talent Acquisition - Core	WhatsApp Integration Configured	whatsapp_integration_enabled_cs	integrations/email_config → whatsapp_twilio_account_sid / whatsapp_twilio_auth_token / whatsapp_twilio_messaging_service_id	Ensures that WhatsApp Business API integration is configured with provider credentials and phone number.	**Purpose:** Validates that WhatsApp Business API integration is configured for candidate messaging via WhatsApp.<br><br>**Impact:** Without WhatsApp configuration, recruiters cannot communicate with candidates via WhatsApp, which is preferred in many regions.<br><br>**To Fix:** Navigate to Admin Console → Provisioning → Email & SMS Config. Configure WhatsApp Twilio account SID, auth token, and messaging service ID.	www/data_audit/platform_health/config_health/product_config_health_configurable_rules.py	New/Add	Candidate Engagement with WhatsApp	New/Add	Candidate Engagement with WhatsApp	Check for whatsapp_twilio_account_sid, whatsapp_twilio_auth_token, whatsapp_twilio_messaging_service_id
Talent Acquisition - Core	Talent Acquisition - Core	All job req templates should be present in template_to_stage_transition_map	all_job_req_templates_in_stage_transition_map	ats_config → workflow_template_to_stage_transition_map	Validates that all job requisition template IDs are included in the stage transition map.	**Purpose:** Validates that all job requisition template IDs are included in the stage transition map, ensuring stage advances work across all position types.<br><br>**Impact:** Missing templates cause stage advance failures, preventing candidates from progressing in the pipeline.<br><br>**To Fix:** Navigate to Admin Console → Talent Acquisition → Workflows. Ensure all job_req_template_ids are in template_to_stage_transition_map.	www/data_audit/platform_health/config_health/ats_config_health_configurable_rules.py	pipeline_and_workflows	Pipeline/ Workflows	Delete	Candidate Pipeline	
Talent Acquisition - Core	Talent Acquisition - Core	Leads workflow	leads_workflow	workflow_config → leads_workflow	This rule verifies the presence of the Leads Workflow tab in the pipeline page.	**Purpose:** Validates that the Leads Workflow tab is configured on the pipeline page, providing access to sourced/matched candidates.<br><br>**Impact:** Missing Leads tab prevents recruiters from accessing the candidate sourcing workflow.<br><br>**To Fix:** Navigate to Admin Console → Talent Acquisition → Pipeline & Workflows. Enable leads tab in workflow_config.	www/data_audit/platform_health/config_health/product_config_health_configurable_rules.py	pipeline_and_workflows	Pipeline/ Workflows	Update	Candidate Pipeline	Phase 1 - Description
Talent Acquisition - Core	Talent Acquisition - Core	Applicants workflow	applicants_workflow	workflow_config → applicants_workflow	This rule verifies the presence of the Applicant Workflow tab on the pipeline page.	**Purpose:** Validates that the Applicants Workflow tab is configured on the pipeline page for viewing applied candidates.<br><br>**Impact:** Missing Applicants tab prevents recruiters from viewing and managing job applicants.<br><br>**To Fix:** Navigate to Admin Console → Talent Acquisition → Pipeline & Workflows. Enable applicants tab in workflow_config.	www/data_audit/platform_health/config_health/product_config_health_configurable_rules.py	pipeline_and_workflows	Pipeline/ Workflows	Update	Candidate Pipeline	With this rule, would it be possible to run a report on against the current configuration to identify the base requirements (ie Contacted, Applicants flows are missing) Phase 1 - Description
Talent Acquisition - Core	Talent Acquisition - Core	Successful Application Stage Advances Per Job Req Template	application_stage_advances_per_job_req_template_rule	Operational metrics → stage advance success rate (90% target)	Every job req template should have at least a 90% success rate with stage advances.	**Purpose:** Measures the success rate of stage advances per job requisition template. Target: 90%+ success rate.<br><br>**Impact:** Low success rate indicates stage transition map issues causing ATS sync failures.<br><br>**To Fix:** Review stage transition map for failing templates. Verify stage mapping to ATS. Check ATS API connectivity.	www/data_audit/platform_health/operational_health/operational_health_evaluation_rules.py	ta_operations	TA Operations	Update	Candidate Pipeline	Phase 1 - Description
Talent Acquisition - Core	Talent Acquisition - Core	Profile Sections Defined	profile_sections_defined_cs	integrations/profile_display_config → sections (overview, experience, education, skills)	Ensures that key profile sections are defined and enabled. At minimum, overview section should be present.	**Purpose:** Validates that key profile sections are enabled for displaying candidate information to recruiters (Overview, Experience, Education, Skills).<br><br>**Impact:** Missing sections prevent recruiters from viewing important candidate information.<br><br>**To Fix:** Navigate to Admin Console → Talent Acquisition → Profile Display Config. Enable required sections.	www/data_audit/platform_health/config_health/product_config_health_configurable_rules.py	New/Add	Candidate Profile	New/Add	Candidate Profile	
Talent Acquisition - Core	Talent Acquisition - Core	Copilot Capabilities Configured	copilot_capabilities_configured_cs	integrations/copilot_capability_config → capabilities	Ensures that specific Copilot capabilities (job description generation, scheduling assistance, etc.) are enabled in capability configuration.	**Purpose:** Validates that specific Copilot capabilities are enabled (e.g., job description generation, scheduling assistant).<br><br>**Impact:** Without capability configuration, Copilot is enabled but has no functional features.<br><br>**To Fix:** Navigate to Admin Console → Talent Acquisition → Copilot Capability Config. Enable desired capabilities.	www/data_audit/platform_health/config_health/product_config_health_configurable_rules.py	New/Add	Copilot	New/Add	Copilot	
Talent Acquisition - Core	Talent Acquisition - Core	Copilot Feature Enabled	copilot_feature_enabled_cs	integrations/copilot_config → enabled	Ensures that Copilot feature is enabled in configuration. Copilot must be explicitly enabled before use.	**Purpose:** Validates that Copilot AI features are enabled for recruiters and hiring managers.<br><br>**Impact:** Without Copilot, AI-powered features like job description generation are unavailable.<br><br>**To Fix:** Navigate to Admin Console → Talent Acquisition → Copilot Config. Set enabled: true.	www/data_audit/platform_health/config_health/product_config_health_configurable_rules.py	New/Add	Copilot	New/Add	Copilot	
Talent Acquisition - Core	Talent Acquisition - Core	Diversity Configuration Enabled	diversity_config_enabled_cs	integrations/diversity_config	Ensures that diversity configuration object exists. This config controls bias reduction features like profile masking.	**Purpose:** Validates that diversity configuration exists, which is required for enabling profile masking and bias reduction features.<br><br>**Impact:** Without configuration, diversity and bias reduction features cannot be activated.<br><br>**To Fix:** Navigate to Admin Console → Talent Acquisition → Diversity Config. Initialize configuration and enable desired features.	www/data_audit/platform_health/config_health/product_config_health_configurable_rules.py	New/Add	Diversity Capabilities	New/Add	Diversity Capabilities	
Talent Acquisition - Core	Talent Acquisition - Core	Masking Fields Configured	masking_fields_configured_cs	integrations/diversity_config → masking_config → masked_fields	Ensures that if profile masking is enabled, specific fields are configured to be masked (age, gender, ethnicity, etc.).	**Purpose:** Validates that when profile masking is enabled, specific fields are configured for masking (e.g., name, age, gender, photos).<br><br>**Impact:** Masking enabled without field specification means no fields are actually hidden, defeating the purpose.<br><br>**To Fix:** Navigate to Admin Console → Talent Acquisition → Diversity Config → Masking. Specify fields to mask in masking_config.	www/data_audit/platform_health/config_health/product_config_health_configurable_rules.py	New/Add	Diversity Capabilities	New/Add	Diversity Capabilities	
Talent Acquisition - Core	Talent Acquisition - Core	Candidate Anonymization Rules	candidate_anonymization_rules_cs	integrations/diversity_config → anonymization_rules	Ensures that anonymization rules are correctly configured to automatically anonymize candidate profiles based on defined criteria.	**Purpose:** Validates that anonymization rules are defined with specific criteria for removing identifying information from candidate profiles during bias-conscious workflows.<br><br>**Impact:** Without clear anonymization rules, profile masking may not adequately remove identifying information, defeating the purpose.<br><br>**To Fix:** Navigate to Admin Console → Talent Acquisition → Diversity Config → Anonymization. Configure rules for each masked field with clear criteria.	www/data_audit/platform_health/config_health/product_config_health_configurable_rules.py	New/Add	Diversity Capabilities	New/Add	Diversity Capabilities	
Talent Acquisition - Core	Talent Acquisition - Core	Global Search Configuration Enabled	global_search_enabled_cs	integrations/global_search_config → enabled	Ensures that global search feature is enabled in configuration, allowing recruiters to search across the talent network.	**Purpose:** Validates that global search is enabled for recruiters to search across the entire talent network.<br><br>**Impact:** Without global search, recruiters cannot effectively find candidates across all sources.<br><br>**To Fix:** Navigate to Admin Console → Talent Acquisition → Global Search Config. Set enabled: true.	www/data_audit/platform_health/config_health/product_config_health_configurable_rules.py	New/Add	Global Search	New/Add	Global Search	
Talent Acquisition - Core	Talent Acquisition - Core	Search Filters Configured	search_filters_configured_cs	integrations/global_search_config → filters (skills, location, experience, contact_consent)	Ensures that search filters are configured, allowing recruiters to refine searches by location, skills, experience, contact_consent etc.	**Purpose:** Validates that search filters are configured for global talent search (skills, location, experience, etc.).<br><br>**Impact:** Without filters, recruiters cannot effectively narrow down candidate search results.<br><br>**To Fix:** Navigate to Admin Console → Talent Acquisition → Global Search Config. Configure filters for skills, location, experience, contact consent.	www/data_audit/platform_health/config_health/product_config_health_configurable_rules.py	New/Add	Global Search	New/Add	Global Search	This should be kept added contact_consent to description. Phase 1 - Description
Talent Acquisition - Core	Talent Acquisition - Core	Feedback report	feedback_report	interview_feedback_config → report_columns	Defines the columns, display names, fields, formatting, and widths for the consolidated feedback report.	**Purpose:** Validates that feedback report columns are configured for consolidated interview feedback viewing.<br><br>**Impact:** Misconfigured reports affect how recruiters and hiring managers review interview feedback.<br><br>**To Fix:** Navigate to Admin Console → Talent Acquisition → Interview Feedback. Configure report columns and formatting.	www/data_audit/platform_health/config_health/product_config_health_configurable_rules.py	interview_feedback	Interview feedback	Keep as is	Interview Feedback	
Talent Acquisition - Core	Talent Acquisition - Core	Dashboard columns list	dashboard_columns_list	interview_feedback_config → dashboard_columns_list	Configures the list of columns displayed on the feedback dashboard to provide relevant and actionable information to users.	**Purpose:** Validates that feedback dashboard columns are configured for the Interview Feedback Center.<br><br>**Impact:** Missing columns reduce dashboard usefulness for managing feedback across interviews.<br><br>**To Fix:** Navigate to Admin Console → Talent Acquisition → Interview Feedback. Configure dashboard_columns_list.	www/data_audit/platform_health/config_health/product_config_health_configurable_rules.py	interview_feedback	Interview feedback	Keep as is	Interview Feedback	
Talent Acquisition - Core	Talent Acquisition - Core	Feedback Forms Configured	feedback_forms_configured_cs	integrations/interview_feedback_config → forms	Ensures that feedback form templates are configured. Forms define the structure and questions for interview feedback.	**Purpose:** Validates that at least one interview feedback form template exists with questions for interviewers to provide structured feedback.<br><br>**Impact:** Without form templates, interviewers cannot submit structured feedback through the platform.<br><br>**To Fix:** Navigate to Admin Console → Talent Acquisition → Interview Feedback. Create at least one feedback form template with rating scales and open-ended questions.	www/data_audit/platform_health/config_health/product_config_health_configurable_rules.py	New/Add	Interview Feedback	New/Add	Interview Feedback	
Talent Acquisition - Core	Talent Acquisition - Core	Interview Feedback Configuration Enabled	feedback_config_enabled_cs	integrations/interview_feedback_config → enabled	Ensures that interview feedback feature is configured and enabled, allowing interviewers to submit structured feedback.	**Purpose:** Validates that interview feedback feature is enabled for collecting structured interviewer feedback.<br><br>**Impact:** Without enablement, interview feedback cannot be collected through the platform.<br><br>**To Fix:** Navigate to Admin Console → Talent Acquisition → Interview Feedback Config. Set enabled: true.	www/data_audit/platform_health/config_health/product_config_health_configurable_rules.py	New/Add	Interview Feedback	New/Add	Interview Feedback	
Talent Acquisition - Core	Talent Acquisition - Core	Timezone	scheduling_timezone	scheduling_config → timezone	Ensures a default interview timezone is configured for scenarios where user-defined or calendar-specific timezones are unavailable.	**Purpose:** Validates that a default timezone is configured for interview scheduling to prevent time confusion.<br><br>**Impact:** Missing timezone can cause scheduling errors and incorrect time display.<br><br>**To Fix:** Navigate to Admin Console → Talent Acquisition → Scheduling. Set default timezone.	www/data_audit/platform_health/config_health/product_config_health_configurable_rules.py	smart_scheduling	Scheduling	Update	Smart Scheduling	
Talent Acquisition - Core	Talent Acquisition - Core	Schedule action	standard_schedule_action	workflow_config → schedule_action	Ensures the scheduling action is enabled on the profile or pipeline page, allowing recruiters to initiate interview scheduling directly.	**Purpose:** Validates that the scheduling action button is enabled on pipeline and profile pages.<br><br>**Impact:** Without the action, recruiters cannot initiate interview scheduling from the candidate context.<br><br>**To Fix:** Navigate to Admin Console → Talent Acquisition → Scheduling. Enable schedule action in pipeline configuration.	www/data_audit/platform_health/config_health/product_config_health_configurable_rules.py	smart_scheduling	Scheduling	Update	Smart Scheduling	
Talent Acquisition - Core	Talent Acquisition - Core	Scheduling Integration Configured	scheduling_integration_configured_cs	integrations/scheduling_config → calendarProvider / branding / preferences	Ensures that calendar integration is configured with provider credentials. Integration is required for checking availability and creating calendar events.	**Purpose:** Validates that calendar integration is configured for interview scheduling, enabling automatic availability checking and calendar event creation.<br><br>**Impact:** Without calendar integration, interviewers cannot have their availability checked automatically.<br><br>**To Fix:** Navigate to Admin Console → Talent Acquisition → Scheduling Config. Select calendar provider (Google/Microsoft) and complete OAuth configuration.	www/data_audit/platform_health/config_health/product_config_health_configurable_rules.py	New/Add	Smart Scheduling	New/Add	Smart Scheduling	Calendar integration doesnt require any specific setup with regards to Provider credentials. Global Rules should include checks on Branding Config, Company Name, Calendar Provider, Availability, Preferences
Talent Acquisition - Core	Talent Acquisition - Core	Scheduling Center Filter Configuration	scheduling_center_filter_config_cs	scheduling_config → scheduling_center_filters → facet_limit	Ensures that filters in the Scheduling Center (hiring manager, location, etc.) have appropriate facet limits and autocomplete configurations.	**Purpose:** Validates that scheduling center filters have appropriate maximum values (facet_limit) to prevent overwhelming filter options.<br><br>**Impact:** Without limits, filters may show too many options, making the interface difficult to use.<br><br>**To Fix:** Navigate to Admin Console → Talent Acquisition → Scheduling Config → Filters. Set appropriate facet_limit values for each filter.	www/data_audit/platform_health/config_health/product_config_health_configurable_rules.py	New/Add	Smart Scheduling	New/Add	Smart Scheduling	For this functionality, EF has default configuration that most customers are happy with
Talent Acquisition - Core	Talent Acquisition - Core	Scheduling Templates Configured	scheduling_templates_exist_cs	integrations/scheduling_config → templates	Ensures that scheduling templates are configured, defining interview types, durations, and participant roles.	**Purpose:** Validates that at least one scheduling template exists defining interview structure (type, duration, participants).<br><br>**Impact:** Without templates, interviews cannot be scheduled as there's no defined structure.<br><br>**To Fix:** Navigate to Admin Console → Talent Acquisition → Scheduling Templates. Create templates with duration, interview type, and participant roles.	www/data_audit/platform_health/config_health/product_config_health_configurable_rules.py	New/Add	Smart Scheduling	New/Add	Smart Scheduling	
Talent Acquisition - Core	Talent Acquisition - Core	Scheduling Template Permissions	scheduling_template_permissions_cs	scheduling_config → template_permissions	Ensures that role permissions for scheduling templates are correctly configured.	**Purpose:** Validates that job requisition template permissions are properly configured, controlling who can use which templates.<br><br>**Impact:** Incorrect permissions may prevent users from creating requisitions or allow unauthorized template access.<br><br>**To Fix:** Review template permissions. Ensure appropriate users/roles have access to relevant templates.	www/data_audit/platform_health/config_health/product_config_health_configurable_rules.py	New/Add	Smart Scheduling	New/Add	Smart Scheduling	
Talent Acquisition - Core	Talent Acquisition - Core	Scheduling Configuration Enabled	scheduling_config_enabled_cs	integrations/scheduling_config → enabled	Ensures that smart scheduling feature is configured and enabled, allowing automated interview scheduling.	**Purpose:** Validates that smart scheduling feature is enabled for interview scheduling functionality.<br><br>**Impact:** Without enablement, interview scheduling features are completely unavailable.<br><br>**To Fix:** Navigate to Admin Console → Talent Acquisition → Scheduling Config. Set enabled: true.	www/data_audit/platform_health/config_health/product_config_health_configurable_rules.py	New/Add	Smart Scheduling	New/Add	Smart Scheduling	
Talent Acquisition - Core	Talent Acquisition - Core	Calendar Provider	enabled_for_scheduling	scheduling_config → calendarProvider (google_calendar / microsoft_outlook_365)	Ensures a calendar provider (e.g., Google Calendar, Microsoft Outlook 365) is configured to enable seamless interview scheduling.	**Purpose:** Validates that a calendar provider is configured for interview scheduling integration.<br><br>**Impact:** Without calendar provider, interviews cannot be synchronized with calendars.<br><br>**To Fix:** Navigate to Admin Console → Talent Acquisition → Scheduling. Configure calendarProvider (Google Calendar, Microsoft 365).	www/data_audit/platform_health/config_health/product_config_health_configurable_rules.py	smart_scheduling	Scheduling	Update	Smart Scheduling	
Talent Acquisition - Core	Talent Acquisition - Core	Workflow Automation Configuration Enabled	workflow_automation_enabled_cs	integrations/workflow_automation_config → enabled	Ensures that workflow automation feature is configured and enabled, allowing creation of automated candidate workflows.	**Purpose:** Validates that workflow automation feature is enabled for creating automated candidate workflows.<br><br>**Impact:** Without enablement, automated workflows cannot be created or executed.<br><br>**To Fix:** Navigate to Admin Console → Talent Acquisition → Workflow Automation Config. Set enabled: true.	www/data_audit/platform_health/config_health/product_config_health_configurable_rules.py	New/Add	Workflow Automation	New/Add	Workflow Automation	
Talent Acquisition - Core	Talent Acquisition - Core	Workflow Triggers Configured	workflow_triggers_valid_cs	workflows → triggers (event_type, conditions)	Ensures that at least one workflow trigger is configured. Triggers define when workflows execute (stage change, application, etc.).	**Purpose:** Validates that at least one workflow trigger is configured with valid events and conditions for automation.<br><br>**Impact:** Without triggers, automated workflows cannot execute as there's no defined trigger condition.<br><br>**To Fix:** Navigate to Admin Console → Workflows. Configure at least one trigger with event type (stage change, application, etc.) and conditions.	www/data_audit/platform_health/config_health/product_config_health_configurable_rules.py	New/Add	Workflow Automation	New/Add	Workflow Automation	
Talent Acquisition - Core	Talent Acquisition - Core	Communities disabled text	extension_communities_disabled_text	extension_config → communities_disabled_text	Configures a clear and actionable message displayed when the Communities feature is disabled.	**Purpose:** Validates that a clear message is configured when Communities feature is disabled in the Chrome Extension.<br><br>**Impact:** Without clear messaging, extension users may be confused about feature unavailability.<br><br>**To Fix:** Configure descriptive disabled text explaining why Communities is unavailable and how to enable.	www/data_audit/platform_health/config_health/product_config_health_configurable_rules.py	chrome_extension	Chrome Extension	Keep as is	Chrome Extension	
Talent Acquisition - Core	Talent Acquisition - Core	Reminder action	extension_reminder_action	extension_config → reminder_action	Ensures that reminders set by users on a candidate's profile are visible across all platforms, including the EF extension.	**Purpose:** Validates that reminder functionality is configured in the Chrome Extension for team-wide candidate reminder visibility.<br><br>**Impact:** Without reminders, team members may duplicate outreach efforts or miss follow-ups.<br><br>**To Fix:** Configure reminder_action in extension configuration to enable team-wide reminder visibility.	www/data_audit/platform_health/config_health/product_config_health_configurable_rules.py	chrome_extension	Chrome Extension	Keep as is	Chrome Extension	
Talent Acquisition - Core	Talent Acquisition - Core	App config	app_configs	extension_config → app_configs (linkedin, naukri, github hostnames)	Ensures that the hostname is set in the app_configs section of extension config for linkedin, naukri and github.	**Purpose:** Validates that hostname configurations are set for LinkedIn, Naukri, and GitHub in the Chrome Extension.<br><br>**Impact:** Missing hostname configuration prevents profile parsing from these job sites.<br><br>**To Fix:** Configure app_configs with correct hostnames for each supported site in extension settings.	www/data_audit/platform_health/config_health/product_config_health_configurable_rules.py	chrome_extension	Chrome Extension	Keep as is	Chrome Extension	
Talent Acquisition - Core	Talent Acquisition - Core	Actions	extension_actions	extension_config → actions / sub_actions	Ensures that all actions and sub-actions are correctly set up so recruiters and sourcers have a smooth, intuitive experience managing candidates.	**Purpose:** Validates that all extension actions (save candidate, mark status, set reminder) are properly configured.<br><br>**Impact:** Missing or misconfigured actions prevent recruiters from managing candidates through the extension.<br><br>**To Fix:** Configure all actions and sub-actions in extension configuration for complete candidate management.	www/data_audit/platform_health/config_health/product_config_health_configurable_rules.py	chrome_extension	Chrome Extension	Update	Chrome Extension	Phase 1 - Description
Talent Acquistion CRM Add-On	Talent Acquisition - Event Recruiting	Event Recruiting Configuration Enabled	event_config_enabled_cs	integrations/planned_event_config → enabled	Ensures that event recruiting feature is configured and enabled, allowing creation and management of recruiting events.	**Purpose:** Validates that event recruiting is enabled, allowing creation and management of recruiting events (career fairs, info sessions, etc.).<br><br>**Impact:** Without enablement, event recruiting features are completely unavailable.<br><br>**To Fix:** Navigate to Admin Console → Talent Acquisition → Event Config. Set enabled: true.	www/data_audit/platform_health/config_health/product_config_health_configurable_rules.py	New/Add	Event Recruiting	New/Add	Event Recruiting	
Talent Acquistion CRM Add-On	Talent Acquisition - Event Recruiting	Event Stages Configured	event_stages_configured_cs	integrations/planned_event_workflow_config → stages	Ensures that event-specific pipeline stages are configured, defining how candidates progress through event recruiting.	**Purpose:** Validates that event-specific pipeline stages (Registered, Attended, Interviewed, etc.) are configured for candidate tracking.<br><br>**Impact:** Without stages, candidates in events cannot be progressed through event workflows.<br><br>**To Fix:** Navigate to Admin Console → Talent Acquisition → Event Workflow Config. Define event stages with appropriate actions.	www/data_audit/platform_health/config_health/product_config_health_configurable_rules.py	New/Add	Event Recruiting	New/Add	Event Recruiting	
Talent Acquistion CRM Add-On	Talent Acquisition - Event Recruiting	Event Home Configuration Valid	event_home_config_valid_cs	integrations/planned_event_home_config → columns / filters	Ensures that event home configuration is set up, controlling how events are displayed and listed in the UI.	**Purpose:** Validates that the Event Home page is properly configured with display settings for the events list.<br><br>**Impact:** Invalid configuration may cause the events list to display incorrectly or not at all.<br><br>**To Fix:** Navigate to Admin Console → Talent Acquisition → Event Home Config. Configure columns, filters, and display settings.	www/data_audit/platform_health/config_health/product_config_health_configurable_rules.py	New/Add	Event Recruiting	New/Add	Event Recruiting	
Talent Acquistion CRM Add-On	Talent Acquisition - Event Recruiting	Event Assessment Error Message Capture	event_assessment_error_capture_cs	assessment_config → error_messages	Ensures that when assessment requests fail and candidates are moved to Assessment Error stage, the error message is captured.	**Purpose:** Validates that assessment integration error messages are properly configured to provide clear feedback when assessment triggers fail.<br><br>**Impact:** Without proper error messaging, troubleshooting assessment failures becomes difficult.<br><br>**To Fix:** Navigate to Admin Console → Talent Acquisition → Assessment Config. Configure error_messages for common failure scenarios.	www/data_audit/platform_health/config_health/product_config_health_configurable_rules.py	New/Add	Event Recruiting	New/Add	Event Recruiting	
Talent Acquistion CRM Add-On	Talent Acquisition - Event Recruiting	Event Assessment Trigger Configuration	event_assessment_trigger_config_cs	assessment_config → triggers (event_type, assessment_provider, conditions)	Ensures that event assessment triggers are configured to pass all required fields to external assessment systems.	**Purpose:** Validates that assessment triggers are fully configured with all required fields including trigger event, assessment type, and conditions.<br><br>**Impact:** Incomplete trigger configuration prevents assessments from being sent to candidates automatically.<br><br>**To Fix:** Navigate to Admin Console → Talent Acquisition → Assessment Config → Triggers. Ensure each trigger has event type, assessment provider, conditions defined.	www/data_audit/platform_health/config_health/product_config_health_configurable_rules.py	New/Add	Event Recruiting	New/Add	Event Recruiting	
Talent Acquistion CRM Add-On	Talent Acquisition - Smart Campaigns	Smart Campaigns Configuration Enabled	campaign_config_enabled_cs	integrations/campaign_config → enabled	Ensures that smart campaigns feature is configured and enabled, allowing creation of candidate nurture campaigns.	**Purpose:** Validates that smart campaigns feature is enabled for automated candidate nurture workflows.<br><br>**Impact:** Without enablement, automated campaign features for candidate engagement are unavailable.<br><br>**To Fix:** Navigate to Admin Console → Talent Acquisition → Campaign Config. Set enabled: true.	www/data_audit/platform_health/config_health/product_config_health_configurable_rules.py	New/Add	Smart Campaigns	New/Add	Smart Campaigns	
Talent Acquistion CRM Add-On	Talent Acquisition - Smart Campaigns	Campaign Email Templates Configured	campaign_email_templates_exist_cs	integrations/email_templates → campaign templates (minimum 1)	Ensures that email templates specific to campaigns are configured for candidate outreach.	**Purpose:** Validates that email templates exist for use in smart campaigns, enabling automated candidate nurture sequences.<br><br>**Impact:** Without campaign templates, smart campaigns cannot send automated emails to candidates.<br><br>**To Fix:** Navigate to Admin Console → Email Templates. Create templates and tag them for campaign use. Include merge fields for personalization.	www/data_audit/platform_health/config_health/product_config_health_configurable_rules.py	New/Add	Smart Campaigns	New/Add	Smart Campaigns	System should check for at least 1 associated campaign template is configured in the system
Talent Acquistion CRM Add-On	Talent Acquisition - Talent Communities	Talent Communities Configuration Enabled	community_config_enabled_cs	integrations/community_home_config → enabled	Ensures that talent communities feature is configured and enabled, allowing creation and management of talent pools.	**Purpose:** Validates that talent communities feature is enabled for managing talent pools and prospect engagement.<br><br>**Impact:** Without enablement, talent community features for nurturing prospects are unavailable.<br><br>**To Fix:** Navigate to Admin Console → Talent Acquisition → Community Home Config. Set enabled: true.	www/data_audit/platform_health/config_health/product_config_health_configurable_rules.py	New/Add	Talent Communities	New/Add	Talent Communities	
Talent Acquistion CRM Add-On	Talent Acquisition - Talent Communities	Community Pipeline Stages Configured	community_stages_configured_cs	integrations/community_workflow_config → stages	Ensures that community pipeline stages are configured, defining how candidates progress within talent communities.	**Purpose:** Validates that pipeline stages are configured for talent communities, enabling progression tracking for community members.<br><br>**Impact:** Without stages, community members cannot be tracked through engagement workflows.<br><br>**To Fix:** Navigate to Admin Console → Talent Acquisition → Community Workflow Config. Define stages (e.g., New, Engaged, Nurtured, Applied).	www/data_audit/platform_health/config_health/product_config_health_configurable_rules.py	New/Add	Talent Communities	New/Add	Talent Communities	
Talent Acquistion CRM Add-On	Talent Acquisition - Talent Communities	Community Home	community_home	community_home_config → available_filters / filter_to_fq_data_map / columns	This rule verifies that the Community Home page is correctly configured by ensuring the presence and validity of key objects.	**Purpose:** Validates that Community Home configuration is complete with available_filters, filter_to_fq_data_map, and columns for the dashboard.<br><br>**Impact:** Missing configuration causes the Community Home page to be non-functional or display incorrectly.<br><br>**To Fix:** Navigate to Admin Console → Talent Acquisition → Communities. Configure available_filters, filter_to_fq_data_map, and columns.	www/data_audit/platform_health/config_health/product_config_health_configurable_rules.py	talent_communities	Talent communities	Update	Talent Communities	Currently, the rule only checks if the available_filters is not empty or null. But it should also check for filter_to_fq_data_map and columns Phase 1 - Description Phase 2 - logic update
Talent Acquistion CRM Add-On	Talent Acquisition - Talent Communities	Community workflows	community_workflows	community_workflow_config → workflows (display_name, steps)	Verifies that community_workflow_config is defined per community type with a valid display_name and non-empty workflow steps.	**Purpose:** Validates that community_workflow_config is defined per community type with valid display_name and workflow steps.<br><br>**Impact:** Without workflow configuration, communities cannot progress prospects through engagement stages.<br><br>**To Fix:** Navigate to Admin Console → Talent Acquisition → Community Workflow Config. Define workflows with stages for each community type.	www/data_audit/platform_health/config_health/product_config_health_configurable_rules.py	talent_communities	Talent communities	Update	Talent Communities	Phase 1 - Description
Talent Acquisition Candidate Experience Add-on	Talent Acquisition - PCS	Recaptcha	pcsx_recaptcha	pcsx_base_config → recaptcha_enabled	This rule checks if recaptcha_enabled is set to true. This ensures that only real users can submit applications in PCS.	**Purpose:** Validates that reCAPTCHA is enabled on the career site to prevent bot submissions and spam applications.<br><br>**Impact:** Without reCAPTCHA, bots can submit fake applications, polluting the candidate database and wasting recruiter time.<br><br>**To Fix:** Navigate to Admin Console → Talent Experience → PCS Config → Security. Set recaptcha_enabled: true.	www/data_audit/platform_health/config_health/product_config_health_configurable_rules.py	security	Security in PCS	Update	Branding	
Talent Acquisition Candidate Experience Add-on	Talent Acquisition - PCS	Privacy Policy	pcsx_privacy	pcsx_base_config → privacy_policy_html / privacy_policy_url	This rule checks if a privacy policy is configured in PCS.	**Purpose:** Validates that a privacy policy is configured and displayed on the career site for GDPR/CCPA compliance.<br><br>**Impact:** Without privacy policy, the career site may not be compliant with privacy regulations.<br><br>**To Fix:** Navigate to Admin Console → Talent Experience → PCS Config → Privacy. Configure privacy policy URL or content.	www/data_audit/platform_health/config_health/product_config_health_configurable_rules.py	security	Security in PCS	Update	Branding	
Talent Acquisition Candidate Experience Add-on	Talent Acquisition - PCS	Company Logo Configured	pcs_logo_configured_cs	integrations/branding_config → company_logo	Ensures that company logo is uploaded and configured.	**Purpose:** Validates that the company logo is uploaded for the career site, ensuring proper brand representation.<br><br>**Impact:** Without a logo, the career site displays without company branding, reducing recognition and trust.<br><br>**To Fix:** Navigate to Admin Console → Talent Experience → Branding Config. Upload logo image (recommended: PNG with transparent background, minimum 200x50 pixels).	www/data_audit/platform_health/config_health/product_config_health_configurable_rules.py	New/Add	Branding	New/Add	Branding	
Talent Acquisition Candidate Experience Add-on	Talent Acquisition - PCS	White labeled domain	domain_whitelabeling_alias_exists	domain_whitelabeling_config → alias	This rule checks if customer domain is white labeled.	**Purpose:** Validates that a custom domain alias is configured for the career site (e.g., careers.company.com).<br><br>**Impact:** Without white-label domain, career site uses Eightfold default domain, reducing brand trust.<br><br>**To Fix:** Navigate to Admin Console → Talent Experience → Domain Config. Configure custom domain and verify DNS CNAME record.	www/data_audit/platform_health/config_health/product_config_health_configurable_rules.py	smart_apply	Basic PCS	Update	Branding	
Talent Acquisition Candidate Experience Add-on	Talent Acquisition - PCS	Brand Colors Configured	pcs_colors_configured_cs	integrations/branding_config → primary_color / secondary_color	Ensures that brand colors are configured with valid hex color codes.	**Purpose:** Validates that brand colors are configured with valid hex codes for the career site, ensuring consistent brand representation.<br><br>**Impact:** Without brand colors, the career site uses default colors instead of company branding, reducing brand recognition.<br><br>**To Fix:** Navigate to Admin Console → Talent Experience → Branding Config. Set primary_color and secondary_color in hex format (e.g., #146da6).	www/data_audit/platform_health/config_health/product_config_health_configurable_rules.py	New/Add	Branding	New/Add	Branding	
Talent Acquisition Candidate Experience Add-on	Talent Acquisition - PCS	PCS Mobile Responsive Configuration	pcs_mobil_config_cj	pcsx_base_config → device_configuration	Ensures that mobile-specific configurations are correctly defined.	**Purpose:** Validates that mobile-specific configurations are defined for the career site, ensuring proper display on mobile devices.<br><br>**Impact:** Without mobile configuration, the career site may not display correctly on phones and tablets.<br><br>**To Fix:** Navigate to Admin Console → Talent Experience → PCS Config. Configure device_configuration settings for mobile display.	www/data_audit/platform_health/config_health/product_config_health_configurable_rules.py	New/Add	Branding	New/Add	Branding	
Talent Acquisition Candidate Experience Add-on	Talent Acquisition - PCS	Valid company name	pcsx_valid_company_name	smart_apply_config → company_name	Ensures a valid company name is configured.	**Purpose:** Validates that a valid company name is configured for display on the career site and email communications.<br><br>**Impact:** Missing or generic company name reduces professional appearance and candidate trust.<br><br>**To Fix:** Navigate to Admin Console → Talent Experience → Branding Config. Set the company name field.	www/data_audit/platform_health/config_health/product_config_health_configurable_rules.py	smart_apply	Basic PCS	Update	Branding	
Talent Acquisition Candidate Experience Add-on	Talent Acquisition - PCS	Navbar logo	pcsx_navbar_logo	smart_apply_config → branding → navigation_bar → image	Confirms a company logo is uploaded to the navigation bar.	**Purpose:** Validates that a logo is displayed in the navigation bar for consistent branding across all career site pages.<br><br>**Impact:** Missing navbar logo reduces brand visibility and professional appearance.<br><br>**To Fix:** Navigate to Admin Console → Talent Experience → Branding Config. Upload navigation bar logo.	www/data_audit/platform_health/config_health/product_config_health_configurable_rules.py	smart_apply	Basic PCS	Update	Branding	
Talent Acquisition Candidate Experience Add-on	Talent Acquisition - PCS	Favicons	pcsx_favicons	smart_apply_config → branding → favicons	This rule checks if favicons are configured.	**Purpose:** Validates that a favicon is configured for the career site browser tab and bookmarks.<br><br>**Impact:** Missing favicon displays generic browser icon, reducing brand recognition in bookmarks and tabs.<br><br>**To Fix:** Navigate to Admin Console → Talent Experience → Branding Config. Upload favicon (recommended: 32x32 or 48x48 ICO/PNG).	www/data_audit/platform_health/config_health/product_config_health_configurable_rules.py	smart_apply	Basic PCS	Update	Branding	
Talent Acquisition Candidate Experience Add-on	Talent Acquisition - PCS	Company logo	pcsx_company_logo	smart_apply_config → branding → company_logo_url	This rule ensures a company logo URL is configured.	**Purpose:** Validates that a company logo URL is configured for social sharing previews (Open Graph) on the career site.<br><br>**Impact:** Without logo URL, link previews on LinkedIn/Facebook show generic images, reducing click-through rates.<br><br>**To Fix:** Navigate to Admin Console → Talent Experience → Branding Config. Set company logo URL for social sharing.	www/data_audit/platform_health/config_health/product_config_health_configurable_rules.py	smart_apply	Basic PCS	Update	Branding	
Talent Acquisition Candidate Experience Add-on	Talent Acquisition - PCS	PCS Base Configuration Enabled	pcsx_base_enabled_cs	integrations/pcsx_base_config → enabled	Ensures that PCS base configuration is present and enabled.	**Purpose:** Validates that PCS (Personalized Career Site) base configuration is enabled, which is the foundation for all career site functionality.<br><br>**Impact:** Without base configuration enabled, the career site is completely inaccessible to candidates.<br><br>**To Fix:** Navigate to Admin Console → Talent Experience → Career Site & Referrals. Set enabled: true in pcsx_base_config.	www/data_audit/platform_health/config_health/product_config_health_configurable_rules.py	New/Add	Application Workflows	New/Add	Application Workflows	
Talent Acquisition Candidate Experience Add-on	Talent Acquisition - PCS	Application Form Configured	apply_form_configured_cs	integrations/pcsx_base_config → apply_form_config	Ensures that application form configuration exists.	**Purpose:** Validates that the job application form is configured with the required and optional fields for candidates to submit applications.<br><br>**Impact:** Without application form configuration, candidates cannot apply to positions on the career site.<br><br>**To Fix:** Navigate to Admin Console → Talent Experience → Career Site & Referrals → Apply Form. Configure required fields (name, email, resume) and optional fields (phone, cover letter).	www/data_audit/platform_health/config_health/product_config_health_configurable_rules.py	New/Add	Application Workflows	New/Add	Application Workflows	
Talent Acquisition Candidate Experience Add-on	Talent Acquisition - PCS	Careerhub Logged In Candidate Max Resume Size Bytes	careerhub_candidate_max_resume_size_bytes	career_hub_base_config → max_resume_size_bytes	Ensures the maximum allowed size for resume uploads is configured.	**Purpose:** Validates that resume upload size limits are configured for logged-in candidates on the career site.<br><br>**Impact:** Without size limits, large file uploads may fail or exceed ATS limits, causing application errors.<br><br>**To Fix:** Navigate to Admin Console → Talent Experience → PCS Config. Set max_resume_size_bytes (recommended: 20MB or 20971520 bytes).	www/data_audit/platform_health/config_health/product_config_health_configurable_rules.py	smart_apply	Basic PCS	Update	Candidate Portal Profile	
Talent Acquisition Candidate Experience Add-on	Talent Acquisition - PCS	Login and Signup Configuration Valid	login_signup_configured_cs	integrations/login_signup_config	Ensures that login and signup configuration is valid.	**Purpose:** Validates that login and signup configuration is defined, specifying authentication methods and required fields for candidate accounts.<br><br>**Impact:** Without configuration, candidates cannot create accounts or log in to the career site.<br><br>**To Fix:** Navigate to Admin Console → Talent Experience → Login Signup Config. Configure authentication method (email/social) and required fields.	www/data_audit/platform_health/config_health/product_config_health_configurable_rules.py	New/Add	Candidate Portal Profile	New/Add	Candidate Portal Profile	
Talent Acquisition Candidate Experience Add-on	Talent Acquisition - PCS	Profile Fields Configured	profile_fields_configured_cs	integrations/candidate_profile_config → fields	Ensures that profile fields are defined.	**Purpose:** Validates that candidate profile fields are defined (name, email, phone, experience, education, skills) for profile creation.<br><br>**Impact:** Without field configuration, candidates cannot create complete profiles, affecting match quality.<br><br>**To Fix:** Navigate to Admin Console → Talent Experience → Candidate Profile Config. Define profile fields and mark which are required/optional.	www/data_audit/platform_health/config_health/product_config_health_configurable_rules.py	New/Add	Candidate Portal Profile	New/Add	Candidate Portal Profile	
Talent Acquisition Candidate Experience Add-on	Talent Acquisition - PCS	Candidate Profile Configuration Enabled	candidate_profile_enabled_cs	integrations/candidate_profile_config → enabled	Ensures that candidate profile configuration is enabled.	**Purpose:** Validates that candidate profile functionality is enabled, allowing candidates to create and maintain living profiles.<br><br>**Impact:** Without profile configuration, candidates cannot save their information for future applications.<br><br>**To Fix:** Navigate to Admin Console → Talent Experience → Candidate Profile Config. Set enabled: true.	www/data_audit/platform_health/config_health/product_config_health_configurable_rules.py	New/Add	Candidate Portal Profile	New/Add	Candidate Portal Profile	
Talent Acquisition Candidate Experience Add-on	Talent Acquisition - PCS	Candidate login enabled	candidate_login_enabled	pcsx_base_config → login_enabled	This rule ensures that login functionality is enabled for candidates.	**Purpose:** Validates that candidate login is enabled, providing personalized job recommendations and application tracking.<br><br>**Impact:** Without login, candidates have no personalized experience and cannot track applications.<br><br>**To Fix:** Navigate to Admin Console → Talent Experience → PCS Config. Enable candidate login functionality.	www/data_audit/platform_health/config_health/product_config_health_configurable_rules.py	logged_in_pcs	Logged in PCS (with COP and Job Notifications)	Update	Candidate Portal Profile	
Talent Acquisition Candidate Experience Add-on	Talent Acquisition - PCS	Career Site dashboard should be provisioned	pcs_dashboards	Provisioning → dashboards → career_site	Ensures the Career Site Dashboard is provisioned.	**Purpose:** Validates that career site analytics dashboards are provisioned for tracking job views, applications, and site performance.<br><br>**Impact:** Without dashboards, there's no visibility into career site performance and candidate behavior.<br><br>**To Fix:** Navigate to Admin Console → Provisioning → Dashboards. Provision career site analytics dashboards.	www/data_audit/platform_health/config_health/product_config_health_configurable_rules.py	smart_apply	Basic PCS	Update	Career Site Dashboard	
Talent Acquisition Candidate Experience Add-on	Talent Acquisition - PCS	Candidate Copilot Configuration Enabled	chatbot_config_enabled_cs	integrations/chatbotx_config → enabled	Ensures that candidate-facing copilot (chatbot) is configured and enabled.	**Purpose:** Validates that the candidate-facing Copilot (AI assistant) is enabled to help candidates with job search and application questions.<br><br>**Impact:** Without Copilot, candidates don't have AI-powered assistance on the career site, reducing self-service capabilities.<br><br>**To Fix:** Navigate to Admin Console → Talent Experience → Chatbot Config. Set enabled: true and configure greeting message.	www/data_audit/platform_health/config_health/product_config_health_configurable_rules.py	New/Add	Copilot Candidate	New/Add	Copilot Candidate	
Talent Acquisition Candidate Experience Add-on	Talent Acquisition - PCS	Custom Domain Configuration Valid	custom_domain_configured_cs	integrations/domain_whitelabeling_config → custom_domain	Ensures that custom domain is configured with valid domain name format.	**Purpose:** Validates that a custom domain (e.g., careers.company.com) is configured for the career site instead of the default Eightfold subdomain.<br><br>**Impact:** Without custom domain, the career site URL includes the Eightfold domain, which may not align with company branding.<br><br>**To Fix:** Navigate to Admin Console → Talent Experience → Domain Config. Configure custom domain and add the required DNS CNAME record.	www/data_audit/platform_health/config_health/product_config_health_configurable_rules.py	New/Add	Domain White-labeling	New/Add	Domain White-labeling	
Talent Acquisition Candidate Experience Add-on	Talent Acquisition - PCS	SSL Certificate Valid	ssl_certificate_valid_cs	integrations/domain_whitelabeling_config → ssl_certificate	Ensures that SSL certificate is present and valid.	**Purpose:** Validates that SSL certificate is valid, not expired, and properly configured for secure HTTPS access.<br><br>**Impact:** SSL issues cause security warnings or block access to the career site entirely.<br><br>**To Fix:** Navigate to Admin Console → Talent Experience → Domain Config. Check certificate expiration. Upload new certificate if needed.	www/data_audit/platform_health/config_health/product_config_health_configurable_rules.py	New/Add	Domain White-labeling	New/Add	Domain White-labeling	
Talent Acquisition Candidate Experience Add-on	Talent Acquisition - PCS	Job Alerts Configuration Enabled	job_alerts_enabled_cs	integrations/notification_config → job_alerts_enabled	Ensures that job alerts are configured and enabled.	**Purpose:** Validates that job alerts are enabled, allowing candidates to receive personalized job recommendations via email.<br><br>**Impact:** Without job alerts, candidates don't receive notifications about new matching jobs, reducing engagement.<br><br>**To Fix:** Navigate to Admin Console → Talent Experience → Notification Config. Enable job alerts and configure frequency options.	www/data_audit/platform_health/config_health/product_config_health_configurable_rules.py	New/Add	Job Alerts	New/Add	Job Alerts	
Talent Acquisition Candidate Experience Add-on	Talent Acquisition - PCS	Job Alert Frequency Configured	job_alert_frequency_configured_cs	integrations/candidate_notifications_config → frequency_options	Ensures that job alert frequency settings are configured.	**Purpose:** Validates that job alert frequency options are configured for candidates, allowing them to choose how often they receive job recommendations.<br><br>**Impact:** Without frequency configuration, candidates may receive too many or too few notifications, impacting engagement.<br><br>**To Fix:** Navigate to Admin Console → Talent Experience → Candidate Notifications Config. Configure frequency options (daily, weekly, biweekly) with appropriate default.	www/data_audit/platform_health/config_health/product_config_health_configurable_rules.py	New/Add	Job Alerts	New/Add	Job Alerts	
Talent Acquisition Candidate Experience Add-on	Talent Acquisition - PCS	Job Feed Configuration Enabled	job_feed_enabled_cs	integrations/job_feed_config → enabled	Ensures that job feed configuration is enabled.	**Purpose:** Validates that job feed generation is enabled for distributing jobs to external job boards and search engines.<br><br>**Impact:** Without job feed, jobs are not distributed to Indeed, LinkedIn, Glassdoor, or indexed by Google for Jobs.<br><br>**To Fix:** Navigate to Admin Console → Talent Experience → Job Feed Config. Set enabled: true.	www/data_audit/platform_health/config_health/product_config_health_configurable_rules.py	New/Add	Job Distribution & SEO	New/Add	Job Distribution & SEO	
Talent Acquisition Candidate Experience Add-on	Talent Acquisition - PCS	SEO Configuration Valid	seo_config_valid_cs	integrations/pcsx_base_config → seo_config	Ensures that SEO configuration is valid.	**Purpose:** Validates that SEO configuration is set up with meta tags, structured data, and sitemap for search engine visibility.<br><br>**Impact:** Poor SEO configuration reduces career site visibility in search engine results.<br><br>**To Fix:** Navigate to Admin Console → Talent Experience → PCS Config → SEO. Configure title templates, meta descriptions, structured data, and sitemap.	www/data_audit/platform_health/config_health/product_config_health_configurable_rules.py	New/Add	Job Distribution & SEO	New/Add	Job Distribution & SEO	
Talent Acquisition Candidate Experience Add-on	Talent Acquisition - PCS	XML Feeds	pcsx_job_feeds	job_feed_config → feeds (indeed, linkedin, glassdoor)	This rule checks if XML feeds are enabled.	**Purpose:** Validates that XML job feeds are enabled for distribution to major job boards like Indeed and LinkedIn.<br><br>**Impact:** Without XML feeds, jobs are not visible on major job boards, significantly reducing application volume.<br><br>**To Fix:** Navigate to Admin Console → Talent Experience → Job Feed Config. Enable XML feeds for desired job boards.	www/data_audit/platform_health/config_health/product_config_health_configurable_rules.py	xml_feeds	XML feeds	Update	Job Distribution & SEO	
Talent Acquisition Candidate Experience Add-on	Talent Acquisition - PCS	At least one PCS position	pcs_position_fq_count_rule	smart_apply_config → position_fq / Position Sync	At least one position is displayed in PCS.	**Purpose:** Validates that at least one position is configured to display on the career site.<br><br>**Impact:** Without positions, candidates see an empty career site with no jobs to apply for.<br><br>**To Fix:** Verify position sync from ATS. Check position filter query (fq) configuration. Ensure positions have display_on_career_site flag.	www/data_audit/platform_health/data_health/product_data_health_evaluation_rules.py	smart_apply	Basic PCS	Update	Job Search and Discovery	
Talent Acquisition Candidate Experience Add-on	Talent Acquisition - PCS	Search Configuration Enabled	search_config_enabled_cs	integrations/pcsx_base_config → search_config → enabled	Ensures that search configuration is enabled.	**Purpose:** Validates that job search functionality is configured on the career site.<br><br>**Impact:** Without search configuration, candidates cannot find jobs on the career site.<br><br>**To Fix:** Navigate to Admin Console → Talent Experience → PCS Config → Search. Configure search settings including filters and display options.	www/data_audit/platform_health/config_health/product_config_health_configurable_rules.py	New/Add	Job Search and Discovery	New/Add	Job Search and Discovery	
Talent Acquisition Candidate Experience Add-on	Talent Acquisition - PCS	Search Filters Configured	search_filters_available_cs	integrations/pcsx_base_config → search_config → filters	Ensures that job search filters are configured.	**Purpose:** Validates that job search filters are configured on the career site (location, department, job type, etc.).<br><br>**Impact:** Without filters, candidates can search but cannot refine results, leading to poor user experience.<br><br>**To Fix:** Navigate to Admin Console → Talent Experience → PCS Config → Search. Configure filters for location, department, job type.	www/data_audit/platform_health/config_health/product_config_health_configurable_rules.py	New/Add	Job Search and Discovery	New/Add	Job Search and Discovery	
Talent Acquisition Candidate Experience Add-on	Talent Acquisition - PCS	PCS enabled	pcsx_enabled	pcsx_base_config → enabled	Confirms PCS is enabled.	**Purpose:** Validates that the Personalized Career Site (PCS) is enabled for candidates.<br><br>**Impact:** Without PCS enabled, candidates cannot access the career site at all.<br><br>**To Fix:** Navigate to Admin Console → Talent Experience → PCS Config. Set enabled: true.	www/data_audit/platform_health/config_health/product_config_health_configurable_rules.py	smart_apply	Basic PCS	Update	Job Search and Discovery	
Talent Acquisition Candidate Experience Add-on	Talent Acquisition - PCS	Talent network	talent_network	smart_apply_config → enableTalentNetwork	This rule checks if Talent Network is set up.	**Purpose:** Validates that Talent Network is configured, allowing candidates to join the talent pool without applying to specific positions.<br><br>**Impact:** Without Talent Network, passive candidates cannot express interest, limiting talent pool growth.<br><br>**To Fix:** Navigate to Admin Console → Talent Experience → Smart Apply Config. Enable and configure Talent Network.	www/data_audit/platform_health/config_health/product_config_health_configurable_rules.py	talent_network	Talent network	Update	Join Talent Network	
Talent Acquisition Candidate Experience Add-on	Talent Acquisition - PCS	Talent Network Configuration Enabled	talent_network_enabled_cs	integrations/smart_apply_config → enableTalentNetwork	Ensures that talent network join feature is enabled.	**Purpose:** Validates that Talent Network join is enabled, allowing candidates to join the talent pool without applying to a specific position.<br><br>**Impact:** Without enablement, talent pool growth is limited to only active applicants.<br><br>**To Fix:** Navigate to Admin Console → Talent Experience → Smart Apply Config. Enable talent network join option (enableTalentNetwork: true).	www/data_audit/platform_health/config_health/product_config_health_configurable_rules.py	New/Add	Join Talent Network	New/Add	Join Talent Network	
Talent Acquisition Candidate Experience Add-on	Talent Acquisition - PCS	Talent Network Form Configured	talent_network_form_configured_cs	integrations/smart_apply_config → join_talent_network_form_v2_config	Ensures that talent network join form is configured.	**Purpose:** Validates that the Talent Network join form is configured with appropriate fields for candidates joining without applying to specific positions.<br><br>**Impact:** Without form configuration, candidates cannot join the talent network, limiting talent pool growth.<br><br>**To Fix:** Navigate to Admin Console → Talent Experience → Smart Apply Config → Talent Network. Configure form fields (name, email, phone, interests).	www/data_audit/platform_health/config_health/product_config_health_configurable_rules.py	New/Add	Join Talent Network	New/Add	Join Talent Network	
Talent Acquisition Candidate Experience Add-on	Talent Acquisition - PCS	Landing Pages Configuration Enabled	landing_config_enabled_cs	integrations/landing_config	Ensures that landing page configuration is enabled.	**Purpose:** Validates that landing page configuration is initialized, enabling creation of custom landing pages for campaigns.<br><br>**Impact:** Without configuration, custom landing pages cannot be created for targeted recruitment campaigns.<br><br>**To Fix:** Navigate to Admin Console → Talent Experience → Landing Config. Initialize configuration.	www/data_audit/platform_health/config_health/product_config_health_configurable_rules.py	New/Add	Landing Pages	New/Add	Landing Pages	
Talent Acquisition Candidate Experience Add-on	Talent Acquisition - PCS	Landing Page URLs Valid	landing_pages_valid_cs	integrations/landing_config → pages → url	Ensures that landing pages have valid URLs configured.	**Purpose:** Validates that landing page URLs are valid and accessible, ensuring candidates can reach campaign-specific pages.<br><br>**Impact:** Invalid URLs cause landing pages to be inaccessible, breaking campaign links.<br><br>**To Fix:** Navigate to Admin Console → Talent Experience → Landing Config. Verify all URL paths are valid and test accessibility.	www/data_audit/platform_health/config_health/product_config_health_configurable_rules.py	New/Add	Landing Pages	New/Add	Landing Pages	
Talent Acquisition Candidate Experience Add-on	Talent Acquisition - PCS	Microsite Configurations Valid	microsite_configs_valid_cs	integrations/pcsx_base_config → microsites	Ensures that each microsite has complete configuration.	**Purpose:** Validates that each microsite has complete configuration including branding, domain mapping, job filters, and content.<br><br>**Impact:** Incomplete configuration causes microsites to display incorrectly or show wrong job listings.<br><br>**To Fix:** Navigate to Admin Console → Talent Experience → PCS Config → Microsites. Complete all configuration sections for each microsite.	www/data_audit/platform_health/config_health/product_config_health_configurable_rules.py	New/Add	Microsites	New/Add	Microsites	
Talent Acquisition Candidate Experience Add-on	Talent Acquisition - PCS	Microsite Profile and Application Isolation	microsite_profile_isolation_cs	pcsx_base_config → microsites → profile_isolation / application_isolation	Ensures that candidate login sessions and profiles are isolated between microsites.	**Purpose:** Validates that candidate profiles and applications are properly isolated between the parent career site and microsites when required.<br><br>**Impact:** Without proper isolation, candidate data may leak between sites or candidates may need to re-register.<br><br>**To Fix:** Navigate to Admin Console → Talent Experience → PCS Config → Microsites. Configure profile_isolation and application_isolation settings.	www/data_audit/platform_health/config_health/product_config_health_configurable_rules.py	New/Add	Microsites	New/Add	Microsites	
Talent Acquisition Candidate Experience Add-on	Talent Acquisition - PCS	People You May Work With Enabled	pymww_enabled_cs	integrations/pcsx_base_config → position_details_config → sections_config → pymww_config	Ensures that People You May Work With feature is enabled.	**Purpose:** Validates that "People You May Work With" feature is enabled on job detail pages, showing potential colleagues.<br><br>**Impact:** Without PYMWW, candidates don't see potential team members, reducing engagement and conversion.<br><br>**To Fix:** Navigate to Admin Console → Talent Experience → PCS Config → Position Details → Sections. Enable pymww_config section.	www/data_audit/platform_health/config_health/product_config_health_configurable_rules.py	New/Add	People You May Work With	New/Add	People You May Work With	
Talent Acquisition Candidate Experience Add-on	Talent Acquisition - PCS	PYMWW Criteria Configured	pymww_criteria_configured_cs	integrations/pcsx_base_config → position_details_config → pymww_config → fq	Configures selection criteria for People You May Work With.	**Purpose:** Validates that PYMWW (People You May Work With) selection criteria are configured to determine which employees are shown.<br><br>**Impact:** Without selection criteria, PYMWW may show irrelevant employees or none at all.<br><br>**To Fix:** Navigate to Admin Console → Talent Experience → PCS Config → Position Details → PYMWW. Add filter query (fq) for employee selection.	www/data_audit/platform_health/config_health/product_config_health_configurable_rules.py	New/Add	People You May Work With	New/Add	People You May Work With	
Talent Acquisition Candidate Experience Add-on	Talent Acquisition - PCS	Tracking Scripts Valid	tracking_scripts_valid_cs	integrations/tracking_pixel_config → scripts	Ensures that tracking scripts have valid JavaScript syntax.	**Purpose:** Validates that tracking scripts (Google Analytics, pixel tags) have valid JavaScript syntax and are assigned to correct events.<br><br>**Impact:** Invalid scripts cause tracking failures, creating gaps in analytics data.<br><br>**To Fix:** Navigate to Admin Console → Talent Experience → Tracking Pixel Config. Validate JavaScript syntax. Test tracking in browser developer tools.	www/data_audit/platform_health/config_health/product_config_health_configurable_rules.py	New/Add	Pixel Tracking and Analytics	New/Add	Pixel Tracking and Analytics	
Talent Acquisition Candidate Experience Add-on	Talent Acquisition - PCS	PCS and TA Match Score Consistency	pcs_ta_match_score_consistency	pcsx_base_config → strong_match_threshold / TA calibration threshold	Ensures that match scores displayed to candidates match recruiter view.	**Purpose:** Validates that match score thresholds and algorithms are consistent between the career site (PCS) and Talent Acquisition modules.<br><br>**Impact:** Inconsistent scoring can confuse candidates (seeing different match levels) and affect recruiter trust in AI matching.<br><br>**To Fix:** Review strong_match_threshold in both PCS and TA configurations. Ensure algorithm versions and thresholds are aligned.	www/data_audit/platform_health/config_health/product_config_health_configurable_rules.py	New/Add	Skills-Based Hiring	New/Add	Skills-Based Hiring	
Talent Acquisition Candidate Experience Add-on	Talent Acquisition - PCS	Link off Enabled	linkoff_enabled_cs	integrations/pcsx_base_config → apply_form_config → link_off_apply_config → enabled	Ensures that Linkoff is configured and enabled.	**Purpose:** Validates that link-off configuration is enabled when redirecting candidates to an external ATS for application completion.<br><br>**Impact:** Without link-off enabled, candidates cannot be redirected to external application systems.<br><br>**To Fix:** Navigate to Admin Console → Talent Experience → PCS Config → Apply Form → Link Off. Set enabled: true.	www/data_audit/platform_health/config_health/product_config_health_configurable_rules.py	New/Add	Smart Apply	New/Add	Smart Apply	
Talent Acquisition Candidate Experience Add-on	Talent Acquisition - PCS	Link off redirection Configured	linkoff_redirection_cs	integrations/pcsx_base_config → apply_form_config → link_off_apply_config → apply_redirect_url	Ensures that Linkoff redirect URL is configured.	**Purpose:** Validates that when link-off (redirect to external ATS) is enabled, the redirect URL is configured.<br><br>**Impact:** Missing redirect URL causes candidates to be unable to complete applications.<br><br>**To Fix:** Navigate to Admin Console → Talent Experience → PCS Config → Apply Form → Link Off. Add apply_redirect_url with the correct ATS application URL pattern.	www/data_audit/platform_health/config_health/product_config_health_configurable_rules.py	New/Add	Smart Apply	New/Add	Smart Apply	
Talent Acquisition Candidate Experience Add-on	Talent Acquisition - PCS	Smart Apply Configuration Enabled	smart_apply_enabled_cs	integrations/smart_apply_config → enabled	Ensures that Smart Apply is configured and enabled.	**Purpose:** Validates that Smart Apply is enabled for one-click applications with ATS integration.<br><br>**Impact:** Without Smart Apply, applications require more steps and may not sync properly to the ATS.<br><br>**To Fix:** Navigate to Admin Console → Talent Experience → Smart Apply Config. Set enabled: true and configure ATS integration.	www/data_audit/platform_health/config_health/product_config_health_configurable_rules.py	New/Add	Smart Apply	New/Add	Smart Apply	
Talent Acquisition Candidate Experience Add-on	Talent Acquisition - PCS	Field Mapping Complete	field_mapping_complete_cs	integrations/smart_apply_config → field_mapping	Ensures that field mappings are complete.	**Purpose:** Validates that all required application fields are mapped between Eightfold and the ATS for successful application sync.<br><br>**Impact:** Incomplete field mapping causes application data to be incomplete or missing in the ATS.<br><br>**To Fix:** Navigate to Admin Console → Talent Experience → Smart Apply Config → Field Mapping. Map all required fields (name, email, resume, phone, etc.).	www/data_audit/platform_health/config_health/product_config_health_configurable_rules.py	New/Add	Smart Apply	New/Add	Smart Apply	
Talent Acquisition Candidate Experience Add-on	Talent Acquisition - PCS	PCS Max Resume Size Bytes	pcsx_max_resume_size_bytes	smart_apply_config → max_resume_size_bytes	This rule ensures the maximum resume upload size is configured.	**Purpose:** Validates that resume upload size limits are configured and aligned with ATS limits to prevent upload failures.<br><br>**Impact:** Size limits higher than ATS can cause applications accepted by PCS but rejected by ATS. Limits too low block valid resumes.<br><br>**To Fix:** Navigate to Admin Console → Talent Experience → PCS Config. Set max_resume_size_bytes matching ATS limits (default: 20MB).	www/data_audit/platform_health/config_health/product_config_health_configurable_rules.py	smart_apply	Basic PCS	Update	Smart Apply	
Talent Acquisition Candidate Experience Add-on	Talent Acquisition - PCS	Dedupe position questions	dedup_pos_questions	smart_apply_config → dedup_pos_questions	This rule checks if question deduplication is enabled.	**Purpose:** Validates that question deduplication is enabled for candidates applying to multiple positions, streamlining the application experience.<br><br>**Impact:** Without deduplication, candidates see repeated questions when applying to multiple jobs, increasing drop-off rates.<br><br>**To Fix:** Navigate to Admin Console → Talent Experience → Smart Apply Config. Set dedup_pos_questions: true.	www/data_audit/platform_health/config_health/product_config_health_configurable_rules.py	job_cart	Job cart	Update	Smart Apply	Please move this to pcsx_base_config
Talent Acquisition Candidate Experience Add-on	Talent Acquisition - PCS	Upload resume before apply	pcsx_upload_resume_before_apply	smart_apply_config → upload_resume_before_apply	This rule checks if resume upload is required before apply.	**Purpose:** Validates that resume upload is required before application submission to ensure complete candidate profiles.<br><br>**Impact:** Without requirement, candidates can submit applications without resumes, reducing profile quality.<br><br>**To Fix:** Navigate to Admin Console → Talent Experience → Smart Apply Config. Set upload_resume_before_apply: true.	www/data_audit/platform_health/config_health/product_config_health_configurable_rules.py	upload_resume_before_apply	Resume upload	Update	Smart Apply	Please move this to pcsx_base_config
Talent Acquisition Candidate Experience Add-on	Talent Acquisition - PCS	Star threshold	star_threshold	pcsx_base_config → search_config → strong_match_threshold	This rule ensures strong_match_threshold is configured.	**Purpose:** Validates that strong_match_threshold is configured for job matching display. This prevents poorly matched candidates from being shown.<br><br>**Impact:** Without threshold, irrelevant matches may be displayed, reducing quality of candidate and recruiter experience.<br><br>**To Fix:** Navigate to Admin Console → Talent Experience → PCS Config → Search. Configure strong_match_threshold.	www/data_audit/platform_health/config_health/product_config_health_configurable_rules.py	star_threshold	Star threshold	New/Add	Job Insights	strong_match_threshold
Talent Acquisition Candidate Experience Add-on	Talent Acquisition - PCS	Applicant source id validation rule	valid_applicant_source_id	smart_apply_config → referrer_src_map / add_application_sources	This rule checks if source IDs are configured correctly.	**Purpose:** Validates that application source IDs are correctly configured for tracking candidate origins.<br><br>**Impact:** Invalid source IDs cause source attribution failures, breaking recruitment analytics.<br><br>**To Fix:** Navigate to Admin Console → Talent Experience → Smart Apply Config. Verify source IDs in referrer_src_map and add_application_sources.	www/data_audit/platform_health/data_health/product_data_health_evaluation_rules.py	smart_apply	Basic PCS	Update	Smart Referrals	
Talent Acquisition Candidate Experience Add-on	Talent Acquisition - PCS	Smart Referrals Configuration Enabled	referrals_enabled_cs	integrations/smart_apply_config → referrals → enabled	Ensures that smart referral feature is configured and enabled.	**Purpose:** Validates that smart referral feature is enabled for employee referrals with AI matching.<br><br>**Impact:** Without enablement, employee referral functionality with AI matching is unavailable.<br><br>**To Fix:** Navigate to Admin Console → Talent Experience → Smart Apply Config. Enable referrals.	www/data_audit/platform_health/config_health/product_config_health_configurable_rules.py	New/Add	Smart Referrals	New/Add	Smart Referrals	
Talent Acquisition Candidate Experience Add-on	Talent Acquisition - PCS	Referral Workflow Configured	referral_workflow_configured_cs	integrations/smart_apply_config → referrals → workflow	Ensures that referral workflow is configured.	**Purpose:** Validates that the referral workflow is fully configured with submission form, tracking stages, and notifications.<br><br>**Impact:** Without workflow configuration, the employee referral process is incomplete or non-functional.<br><br>**To Fix:** Navigate to Admin Console → Talent Experience → Smart Apply Config → Referrals. Configure submission form, tracking, and notifications.	www/data_audit/platform_health/config_health/product_config_health_configurable_rules.py	New/Add	Smart Referrals	New/Add	Smart Referrals	
Talent Acquisition Candidate Experience Add-on	Talent Acquisition - PCS	Source Parameters Configured	source_parameters_configured_cs	integrations/source_map_config → parameters	Ensures that source tracking parameters are configured.	**Purpose:** Validates that source tracking parameters (UTM codes, referral sources) are configured for attribution.<br><br>**Impact:** Without parameter configuration, candidate sources are not captured correctly.<br><br>**To Fix:** Navigate to Admin Console → Talent Experience → Source Map Config. Configure UTM parameter mapping and source codes.	www/data_audit/platform_health/config_health/product_config_health_configurable_rules.py	New/Add	Source Tracking	New/Add	Source Tracking	
Talent Acquisition Candidate Experience Add-on	Talent Acquisition - PCS	Source Tracking Configuration Enabled	source_tracking_enabled_cs	integrations/pcsx_base_config → source_tracking_config → enabled	Ensures that source tracking is configured and enabled.	**Purpose:** Validates that source tracking is enabled for capturing where candidates come from (job boards, campaigns, referrals).<br><br>**Impact:** Without source tracking, recruitment marketing effectiveness cannot be measured.<br><br>**To Fix:** Navigate to Admin Console → Talent Experience → PCS Config → Source Tracking. Set enabled: true.	www/data_audit/platform_health/config_health/product_config_health_configurable_rules.py	New/Add	Source Tracking	New/Add	Source Tracking	
Talent Acquisition Candidate Experience Add-on	Talent Acquisition - PCS	Source ATS Sync Configured	source_ats_sync_configured_cs	integrations/smart_apply_config → source_mapping	Ensures that source tracking data is mapped to sync with ATS.	**Purpose:** Validates that source tracking data is mapped to sync with applications to the ATS.<br><br>**Impact:** Without source sync, source attribution data is lost when applications sync to the ATS.<br><br>**To Fix:** Navigate to Admin Console → Talent Experience → Smart Apply Config → Source Mapping. Map source field to ATS source field.	www/data_audit/platform_health/config_health/product_config_health_configurable_rules.py	New/Add	Source Tracking	New/Add	Source Tracking	
Talent Acquisition Candidate Experience Add-on	Talent Acquisition - PCS	Withdraw Application Enabled	withdraw_enabled_cs	integrations/pcsx_base_config → applications → withdraw → enabled	Ensures that withdraw application feature is enabled.	**Purpose:** Validates that application withdrawal is enabled, allowing candidates to withdraw their applications.<br><br>**Impact:** Without withdrawal capability, candidates cannot remove applications, which may be required for compliance.<br><br>**To Fix:** Navigate to Admin Console → Talent Experience → PCS Config → Applications. Enable withdraw option.	www/data_audit/platform_health/config_health/product_config_health_configurable_rules.py	New/Add	Withdraw Application	New/Add	Withdraw Application	
Talent Acquisition Candidate Experience Add-on	Talent Acquisition - PCS	Withdraw Workflow Valid	withdraw_workflow_valid_cs	integrations/pcsx_base_config → applications → withdraw → workflow	Ensures that withdraw workflow is properly configured.	**Purpose:** Validates that the withdrawal workflow includes confirmation dialog, ATS sync, and candidate notification.<br><br>**Impact:** Incomplete workflow may cause withdrawals to not sync to ATS or candidates to not receive confirmation.<br><br>**To Fix:** Navigate to Admin Console → Talent Experience → PCS Config → Applications → Withdraw. Configure confirmation and ATS sync.	www/data_audit/platform_health/config_health/product_config_health_configurable_rules.py	New/Add	Withdraw Application	New/Add	Withdraw Application	
